회사명,종목코드,상장(예정)일,상장방식,발행주식수,액면가,발행사유
서울식품공업,004410,2021-01-13,추가상장,"4,545,454",100,국내CB전환
대원,007680,2021-01-13,추가상장,"11,171",500,국내사모 전환사채 전환
엠벤처투자,019590,2021-01-13,추가상장,"227,014",500,국내사모 전환사채 전환
클라우드에어,036170,2021-01-13,변경상장,0,"1,000",상호변경
라이트론,069540,2021-01-13,추가상장,"3,088,800",500,국내사모 신주인수권부사채 신주인수권 행사
크리스탈지노믹스,083790,2021-01-13,추가상장,"199,101",500,국내사모 전환사채 전환
크리스탈지노믹스,083790,2021-01-13,추가상장,"30,846",500,국내사모 신주인수권부사채 신주인수권 행사
아이티엠반도체,084850,2021-01-13,추가상장,"2,000",500,주식매수선택권행사
펩트론,087010,2021-01-13,추가상장,"5,300,353",500,유상증자(구주주배정)
에이티세미콘,089530,2021-01-13,추가상장,"140,000",500,국내사모 전환사채 전환
미래나노텍,095500,2021-01-13,추가상장,"843,232",500,국내사모 전환사채 전환
알파홀딩스,117670,2021-01-13,추가상장,"11,695",500,국내사모 전환사채 전환
애드바이오텍,179530,2021-01-13,추가상장,"780,603",500,우선주의 보통주전환
엔케이맥스,182400,2021-01-13,추가상장,"80,340",500,국내사모 전환사채 전환
엔지스테크널러지,208860,2021-01-13,추가상장,"94,094",500,국내사모 전환사채 전환
메드팩토,235980,2021-01-13,추가상장,500,500,주식매수선택권행사
에브리봇,270660,2021-01-13,추가상장,"111,040",500,우선주의 보통주전환
에브리봇,270660,2021-01-13,추가상장,"13,880",500,우선주의 보통주전환
에브리봇,270660,2021-01-13,추가상장,"58,806",500,우선주의 보통주전환
라이프사이언스테크놀로지,285770,2021-01-13,추가상장,"352,380",500,우선주의 보통주전환
삼화페인트공업,000390,2021-01-12,추가상장,"375,986",500,국내CB전환
엔케이물산,009810,2021-01-12,추가상장,"37,650,000",100,유상증자(구주주배정)
웰바이오텍,010600,2021-01-12,추가상장,"231,160",500,국내CB전환
하이트론씨스템즈,019490,2021-01-12,추가상장,"236,806","2,500",국내CB전환
미래산업,025560,2021-01-12,추가상장,"1,798,561",100,유상증자(제3자배정)
에이치엘비,028300,2021-01-12,추가상장,442,500,국내사모 전환사채 전환
위지트,036090,2021-01-12,추가상장,"4,420,218",500,유상증자(제3자배정)
파워넷,037030,2021-01-12,추가상장,"256,912","1,000",국내사모 전환사채 전환
오스코텍,039200,2021-01-12,추가상장,"276,381",500,국내사모 전환사채 전환
경남바이오파마,044480,2021-01-12,추가상장,"187,675",500,국내사모 전환사채 전환
경남바이오파마,044480,2021-01-12,추가상장,"1,581,918",500,국내사모 전환사채 전환
경남바이오파마,044480,2021-01-12,추가상장,"1,431,260",500,국내사모 전환사채 전환
에이치엘비제약,047920,2021-01-12,추가상장,"83,315",500,국내사모 전환사채 전환
인선이엔티,060150,2021-01-12,추가상장,"105,025",500,국내사모 전환사채 전환
에프앤가이드,064850,2021-01-12,추가상장,"42,765",500,국내사모 전환사채 전환
헬릭스미스,084990,2021-01-12,추가상장,"7,500,000",500,유상증자(구주주배정)
아이엠이연이,090740,2021-01-12,추가상장,"227,531",500,유상증자(제3자배정)
트루윈,105550,2021-01-12,추가상장,"618,813",500,국내공모 신주인수권부사채 신주인수권 행사
예스티,122640,2021-01-12,추가상장,"6,456",500,국내사모 전환사채 전환
엔케이맥스,182400,2021-01-12,추가상장,"32,393",500,국내사모 전환사채 전환
엔케이맥스,182400,2021-01-12,추가상장,"161,770",500,우선주의 보통주전환
퓨쳐켐,220100,2021-01-12,추가상장,"331,098",500,국내사모 전환사채 전환
에치에프알,230240,2021-01-12,추가상장,"900,000",500,유상증자(구주주배정)
엠플러스,259630,2021-01-12,추가상장,"37,957",500,국내사모 전환사채 전환
한탑,002680,2021-01-11,추가상장,"327,152",500,국내사모 전환사채 전환
폴루스바이오팜,007630,2021-01-11,추가상장,"410,677",500,국내CB전환
폴루스바이오팜,007630,2021-01-11,추가상장,"285,306",500,국내CB전환
더존비즈온,012510,2021-01-11,추가상장,"12,035",500,주식의종류변경
디에스티,033430,2021-01-11,추가상장,"2,732,240",100,국내사모 전환사채 전환
키움증권,039490,2021-01-11,추가상장,"9,270","5,000",주식의종류변경
초록뱀,047820,2021-01-11,추가상장,"1,328,107",500,국내사모 전환사채 전환
우수AMS,066590,2021-01-11,추가상장,"556,969",500,국내사모 전환사채 전환
씨씨에스,066790,2021-01-11,추가상장,"10,000,000",500,유상증자(제3자배정)
누리플랜,069140,2021-01-11,추가상장,"249,168",500,국내사모 전환사채 전환
세원셀론텍,091090,2021-01-11,추가상장,"193,274",500,국내CB전환
조이맥스,101730,2021-01-11,추가상장,"7,290,401",500,유상증자(일반공모)
씨엔플러스,115530,2021-01-11,추가상장,"5,988,023",100,유상증자(제3자배정)
엔솔바이오사이언스,140610,2021-01-11,추가상장,"79,365",500,우선주의 보통주전환
엘티씨,170920,2021-01-11,추가상장,"86,262",500,국내사모 전환사채 전환
유바이오로직스,206650,2021-01-11,추가상장,"4,095,570",500,유상증자(구주주배정)
엔지스테크널러지,208860,2021-01-11,추가상장,"115,266",500,국내사모 전환사채 전환
올리패스,244460,2021-01-11,추가상장,"178,838",500,국내사모 전환사채 전환
에스퓨얼셀,288620,2021-01-11,추가상장,"800,000",500,유상증자(구주주배정)
지놈앤컴퍼니,314130,2021-01-11,추가상장,"116,667",500,우선주의 보통주전환
넥스트사이언스,003580,2021-01-08,추가상장,"66,797",500,국내CB전환
금강공업,014280,2021-01-08,추가상장,"76,961","1,000",국내CB전환
쎌마테라퓨틱스,015540,2021-01-08,추가상장,"119,108",500,유상증자(제3자배정)
엠벤처투자,019590,2021-01-08,추가상장,"1,155,819",500,국내사모 전환사채 전환
에이치엘비,028300,2021-01-08,추가상장,"3,789",500,국내사모 전환사채 전환
엠젠플러스,032790,2021-01-08,추가상장,"2,133,766",500,유상증자(제3자배정)
럭슬,033600,2021-01-08,추가상장,"12,000,000",500,국내사모 전환사채 전환
카카오,035720,2021-01-08,추가상장,"23,350",500,스톡옵션행사
경남바이오파마,044480,2021-01-08,추가상장,"451,977",500,국내사모 전환사채 전환
에프앤리퍼블릭,064090,2021-01-08,추가상장,"200,000",500,국내사모 전환사채 전환
코스온,069110,2021-01-08,추가상장,"216,731",500,국내사모 전환사채 전환
코스나인,082660,2021-01-08,추가상장,"138,792",500,국내사모 전환사채 전환
엔시트론,101400,2021-01-08,추가상장,"3,134,795",500,유상증자(제3자배정)
매직마이크로,127160,2021-01-08,추가상장,"8,333,331",100,국내사모 전환사채 전환
앱클론,174900,2021-01-08,추가상장,"886,069",500,우선주의 보통주전환
넵튠,217270,2021-01-08,추가상장,"41,600",500,주식매수선택권행사
에스케이씨에스,224020,2021-01-08,추가상장,"375,000",500,우선주의 보통주전환
한송네오텍,226440,2021-01-08,추가상장,"502,275",100,주식매수선택권행사
EDGC,245620,2021-01-08,추가상장,7,100,국내사모 전환사채 전환
네패스아크,330860,2021-01-08,추가상장,"323,448",500,우선주의 보통주전환
네패스아크,330860,2021-01-08,추가상장,"323,449",500,국내사모 전환사채 전환
셀레믹스,331920,2021-01-08,추가상장,"93,500",500,주식매수선택권행사
엔에스엔,031860,2021-01-07,추가상장,"435,097",500,국내사모 전환사채 전환
옴니시스템,057540,2021-01-07,추가상장,"2,885,170",500,국내사모 전환사채 전환
크리스탈지노믹스,083790,2021-01-07,추가상장,"42,062",500,국내사모 신주인수권부사채 신주인수권 행사
인포마크,175140,2021-01-07,추가상장,"28,571",500,국내사모 전환사채 전환
베노홀딩스,206400,2021-01-07,추가상장,"164,382",500,국내사모 전환사채 전환
자안,221610,2021-01-07,추가상장,"140,000,000",100,유상증자(구주주배정)
카카오게임즈,293490,2021-01-07,추가상장,"64,995",100,주식매수선택권행사
이지바이오,353810,2021-01-07,변경상장,"27,353,376",100,액면분할
유유제약,000220,2021-01-06,추가상장,"42,735","1,000",국내CB전환
엠벤처투자,019590,2021-01-06,추가상장,"549,450",500,국내사모 전환사채 전환
글로스퍼랩스,032860,2021-01-06,추가상장,"466,199",500,국내사모 전환사채 전환
지더블유바이텍,036180,2021-01-06,변경상장,0,500,상호변경
키움증권,039490,2021-01-06,추가상장,"236,419","5,000",주식의종류변경
THE E&M,089230,2021-01-06,추가상장,"11,155,023",100,국내사모 전환사채 전환
세원셀론텍,091090,2021-01-06,추가상장,"967,336",500,국내CB전환
세원셀론텍,091090,2021-01-06,추가상장,"439,698",500,국내CB전환
에스와이,109610,2021-01-06,추가상장,"445,064",500,국내공모 신주인수권부사채 신주인수권 행사
피엔티,137400,2021-01-06,추가상장,"279,746",500,국내사모 전환사채 전환
한송네오텍,226440,2021-01-06,추가상장,"5,123,338",100,국내사모 전환사채 전환
메드팩토,235980,2021-01-06,추가상장,"7,500",500,주식매수선택권행사
피플바이오,304840,2021-01-06,추가상장,"143,000",500,주식매수선택권행사
한국바이오젠,318000,2021-01-06,추가상장,"31,000",200,주식매수선택권행사
미투젠,950190,2021-01-06,추가상장,"562,833",무액면,주식매수선택권행사
조일알미늄,018470,2021-01-05,추가상장,"13,619,038",500,국내CB전환
하이트론씨스템즈,019490,2021-01-05,추가상장,"434,708","2,500",국내CB전환
에이팸,073070,2021-01-05,변경상장,"-114,845,304",500,액면병합
테라사이언스,073640,2021-01-05,추가상장,"3,936,345",100,국내사모 전환사채 전환
랩지노믹스,084650,2021-01-05,추가상장,"17,239",500,국내사모 전환사채 전환
인바이오젠,101140,2021-01-05,추가상장,"1,201,919",500,국내CB전환
인바이오젠,101140,2021-01-05,추가상장,"952,380",500,국내CB전환
알엔투테크놀로지,148250,2021-01-05,추가상장,"19,047",500,국내사모 전환사채 전환
에이트원,230980,2021-01-05,변경상장,0,100,상호변경
더블유에스아이,299170,2021-01-05,추가상장,"880,000",100,국내사모 전환사채 전환
티움바이오,321550,2021-01-05,추가상장,"238,500",500,주식매수선택권행사
동아쏘시오홀딩스,000640,2021-01-04,추가상장,207,"5,000",국내BW행사
국동,005320,2021-01-04,추가상장,"10,000",500,신주인수권행사
국동,005320,2021-01-04,추가상장,644,500,신주인수권행사
국동,005320,2021-01-04,추가상장,74,500,신주인수권행사
GS건설,006360,2021-01-04,추가상장,"191,401","5,000",해외CB전환
영흥,012160,2021-01-04,추가상장,"1,720,429",500,국내CB전환
GV,045890,2021-01-04,추가상장,"2,436,545",500,국내사모 전환사채 전환
재영솔루텍,049630,2021-01-04,추가상장,"27,793",500,국내공모 신주인수권부사채 신주인수권 행사
큐로홀딩스,051780,2021-01-04,추가상장,"11,811,023",500,유상증자(제3자배정)
아이씨케이,068940,2021-01-04,추가상장,"218,750",200,국내사모 전환사채 전환
맥쿼리인프라,088980,2021-01-04,추가상장,"23,148,149",무액면,유상증자(구주주배정)
이아이디,093230,2021-01-04,추가상장,"50,000,000",200,국내CB전환
에이루트,096690,2021-01-04,추가상장,"304,505",500,국내사모 전환사채 전환
알파홀딩스,117670,2021-01-04,추가상장,"888,889",500,유상증자(제3자배정)
엠에스오토텍,123040,2021-01-04,추가상장,"53,830",500,국내공모 신주인수권부사채 신주인수권 행사
엘아이에스,138690,2021-01-04,추가상장,"58,548",500,국내사모 전환사채 전환
한탑,002680,2020-12-30,추가상장,"3,435,099",500,국내사모 전환사채 전환
부산주공,005030,2020-12-30,추가상장,"12,000,000",500,유상증자(공모증자)
이수화학,005950,2020-12-30,추가상장,"50,780","5,000",국내CB전환
윌비스,008600,2020-12-30,추가상장,"263,157","1,000",국내CB전환
신성이엔지,011930,2020-12-30,추가상장,"227,024",500,국내BW행사
녹십자셀,031390,2020-12-30,추가상장,"20,227",500,국내사모 전환사채 전환
솔브레인홀딩스,036830,2020-12-30,추가상장,"11,344,351",500,유상증자(일반공모)
키움증권,039490,2020-12-30,추가상장,"41,723","5,000",주식의종류변경
케이피엠테크,042040,2020-12-30,추가상장,"5,000",100,주식매수선택권행사
케이피엠테크,042040,2020-12-30,추가상장,"129,299",100,국내공모 신주인수권부사채 신주인수권 행사
경남바이오파마,044480,2020-12-30,추가상장,"1,431,260",500,국내사모 전환사채 전환
에이치엘비제약,047920,2020-12-30,추가상장,"197,874",500,국내사모 전환사채 전환
센트럴바이오,051980,2020-12-30,추가상장,"270,000",500,주식매수선택권행사
오성첨단소재,052420,2020-12-30,추가상장,"34,944",500,국내사모 전환사채 전환
오성첨단소재,052420,2020-12-30,추가상장,489,500,국내공모 신주인수권부사채 신주인수권 행사
유앤아이,056090,2020-12-30,추가상장,"380,227",500,국내사모 전환사채 전환
코스온,069110,2020-12-30,추가상장,"541,823",500,국내사모 전환사채 전환
라이트론,069540,2020-12-30,추가상장,"1,544,401",500,유상증자(제3자배정)
코드네이처,078940,2020-12-30,추가상장,"1,857,937",500,유상증자(제3자배정)
알티캐스트,085810,2020-12-30,추가상장,"3,377,991",500,국내사모 전환사채 전환
제넥신,095700,2020-12-30,추가상장,"429,061",500,유상증자(제3자배정)
멜파스,096640,2020-12-30,추가상장,"3,151,409",500,국내사모 전환사채 전환
멜파스,096640,2020-12-30,추가상장,"107,821",500,국내공모 신주인수권부사채 신주인수권 행사
씨유메디칼,115480,2020-12-30,추가상장,"173,758",500,국내사모 전환사채 전환
알파홀딩스,117670,2020-12-30,추가상장,"23,121",500,국내사모 전환사채 전환
티피씨글로벌,130740,2020-12-30,추가상장,"112,023",500,국내사모 전환사채 전환
맥스로텍,141070,2020-12-30,추가상장,"72,846",500,국내공모 신주인수권부사채 신주인수권 행사
영우디에스피,143540,2020-12-30,추가상장,"2,056,450",500,국내사모 전환사채 전환
툴젠,199800,2020-12-30,추가상장,"132,626",500,유상증자(제3자배정)
지란지교시큐리티,208350,2020-12-30,추가상장,"532,008",500,우선주의 보통주전환
엔지스테크널러지,208860,2020-12-30,추가상장,"15,906",500,국내사모 전환사채 전환
세미콘라이트,214310,2020-12-30,추가상장,"4,195,803",500,유상증자(제3자배정)
나우코스,257990,2020-12-30,신규상장,"3,912,595",500,신규
엘리비젼,276240,2020-12-30,추가상장,"1,100,000",500,유상증자(제3자배정)
에어부산,298690,2020-12-30,추가상장,"30,000,000","1,000",유상증자(구주주배정)
국전약품,307750,2020-12-30,추가상장,"33,528,019",100,타법인흡수합병
국전약품,307750,2020-12-30,변경상장,0,100,상호변경
TS트릴리온,317240,2020-12-30,추가상장,"46,054,511",100,타법인흡수합병
TS트릴리온,317240,2020-12-30,변경상장,0,100,상호변경
엠에프엠코리아,323230,2020-12-30,추가상장,"13,541,079",100,타법인흡수합병
엠에프엠코리아,323230,2020-12-30,변경상장,0,100,상호변경
유엑스엔,337840,2020-12-30,추가상장,"18,000",500,주식매수선택권행사
남광토건,001260,2020-12-29,추가상장,290,"5,000",유상증자(제3자배정)
유니슨,018000,2020-12-29,추가상장,"11,617",500,국내공모 신주인수권부사채 신주인수권 행사
상보,027580,2020-12-29,추가상장,"105,695",500,국내공모 신주인수권부사채 신주인수권 행사
녹십자셀,031390,2020-12-29,추가상장,"25,284",500,국내사모 전환사채 전환
KD,044180,2020-12-29,추가상장,"854,700",500,유상증자(일반공모)
화일약품,061250,2020-12-29,추가상장,"1,556,602",500,유상증자(제3자배정)
세원셀론텍,091090,2020-12-29,추가상장,"577,888",500,국내CB전환
비나텍,126340,2020-12-29,추가상장,"30,000",500,주식매수선택권행사
이루다,164060,2020-12-29,추가상장,"61,500",500,주식매수선택권행사
디에이테크놀로지,196490,2020-12-29,추가상장,"76,923","2,500",국내사모 신주인수권부사채 신주인수권 행사
디에이테크놀로지,196490,2020-12-29,추가상장,"19,860","2,500",국내사모 전환사채 전환
미코바이오메드,214610,2020-12-29,추가상장,"69,335",500,주식매수선택권행사
미코바이오메드,214610,2020-12-29,추가상장,"14,066",500,국내사모 전환사채 전환
와이아이케이,232140,2020-12-29,추가상장,"1,075,268",100,국내사모 전환사채 전환
데이타솔루션,263800,2020-12-29,추가상장,"30,000",500,주식매수선택권행사
프로테옴텍,303360,2020-12-29,추가상장,"27,301",500,주식매수선택권행사
윈텍,320000,2020-12-29,추가상장,"599,000",100,국내사모 전환사채 전환
에이스캠퍼,322190,2020-12-29,신규상장,"7,505,197",100,신규
두산퓨얼셀,336260,2020-12-29,추가상장,"10,000,000",100,유상증자(구주주배정)
고바이오랩,348150,2020-12-29,추가상장,"95,234",500,우선주의 보통주전환
클리노믹스,352770,2020-12-29,추가상장,"110,000",100,주식매수선택권행사
뉴프라이드,900100,2020-12-29,추가상장,"16,634,236",0.003,국내사모 전환사채 전환
한일철강,002220,2020-12-28,추가상장,"1,200,480",500,국내CB전환
대원,007680,2020-12-28,추가상장,"143,834",500,국내사모 전환사채 전환
영흥,012160,2020-12-28,추가상장,"5,187,094",500,국내CB전환
금강공업,014280,2020-12-28,추가상장,"76,961","1,000",국내CB전환
카카오,035720,2020-12-28,추가상장,"126,277",500,국내CB전환
파워넷,037030,2020-12-28,추가상장,"107,296","1,000",국내사모 전환사채 전환
서울리거,043710,2020-12-28,추가상장,"121,741",500,국내공모 신주인수권부사채 신주인수권 행사
에이치엘비제약,047920,2020-12-28,추가상장,"404,070",500,국내사모 전환사채 전환
세동,053060,2020-12-28,변경상장,"-11,595,174",500,감자(무상)
제낙스,065620,2020-12-28,변경상장,"-19,807,576",500,감자(무상)
다원시스,068240,2020-12-28,추가상장,"66,112",500,국내사모 전환사채 전환
엘오티베큠,083310,2020-12-28,추가상장,"693,240",500,국내사모 전환사채 전환
아이텍,119830,2020-12-28,추가상장,"28,661",500,국내사모 신주인수권부사채 신주인수권 행사
디엔에이링크,127120,2020-12-28,추가상장,"2,500,000",500,유상증자(구주주배정)
영우디에스피,143540,2020-12-28,추가상장,"17,094",500,국내사모 전환사채 전환
탑선,180060,2020-12-28,추가상장,"400,000",500,국내사모 전환사채 전환
드림텍,192650,2020-12-28,추가상장,"3,725,700",100,유상증자(구주주배정)
티앤알바이오팹,246710,2020-12-28,추가상장,"23,500",500,주식매수선택권행사
유비쿼스,264450,2020-12-28,추가상장,"5,121,751",500,무상증자
노터스,278650,2020-12-28,추가상장,"15,000",100,주식매수선택권행사
노바텍,285490,2020-12-28,추가상장,"5,000",500,주식매수선택권행사
퀀타매트릭스,317690,2020-12-28,추가상장,"65,600",500,주식매수선택권행사
코퍼스코리아,322780,2020-12-28,추가상장,"29,755,674",100,타법인흡수합병
코퍼스코리아,322780,2020-12-28,변경상장,0,100,상호변경
유안타제7호스팩,367460,2020-12-28,신규상장,"5,500,000",100,신규
에이엔피,015260,2020-12-24,추가상장,"10,000,000",500,유상증자(구주주배정)
두산중공업,034020,2020-12-24,추가상장,"121,495,330","5,000",유상증자(구주주배정)
소리바다,053110,2020-12-24,추가상장,"2,860,000",500,국내사모 전환사채 전환
네스엠,056000,2020-12-24,추가상장,"5,090,042",500,유상증자(제3자배정)
도이치모터스,067990,2020-12-24,추가상장,"1,027,073",500,국내사모 전환사채 전환
에이팸,073070,2020-12-24,변경상장,0,100,상호변경
이엔플러스,074610,2020-12-24,추가상장,"864,553",500,국내CB전환
수성,084180,2020-12-24,추가상장,"1,264,823",500,유상증자(제3자배정)
이엠네트웍스,087730,2020-12-24,변경상장,0,500,상호변경
스맥,099440,2020-12-24,추가상장,"244,498",500,국내사모 전환사채 전환
코렌텍,104540,2020-12-24,추가상장,"1,038,441",500,유상증자(제3자배정)
디지탈옵틱,106520,2020-12-24,추가상장,"165,289",500,국내사모 전환사채 전환
에스와이,109610,2020-12-24,추가상장,"890,613",500,국내공모 신주인수권부사채 신주인수권 행사
제테마,216080,2020-12-24,추가상장,"4,761",500,국내사모 전환사채 전환
퓨쳐켐,220100,2020-12-24,추가상장,"331,098",500,국내사모 전환사채 전환
루트락,253610,2020-12-24,신규상장,"7,486,011",500,신규
오하임아이엔티,309930,2020-12-24,추가상장,"15,157,691",100,타법인흡수합병
오하임아이엔티,309930,2020-12-24,변경상장,0,100,상호변경
솔루스첨단소재,336370,2020-12-24,변경상장,0,100,상호변경
솔루스첨단소재,336370,2020-12-24,변경상장,0,100,상호변경
솔루스첨단소재,336370,2020-12-24,변경상장,0,100,상호변경
KODEX K-이노베이션액티브,373490,2020-12-24,신규상장,"800,000",-,신규상장
KOSEF 미국방어배당성장나스닥,373790,2020-12-24,신규상장,"700,000",-,신규상장
서울식품공업,004410,2020-12-23,추가상장,"12,337,654",100,국내CB전환
인스코비,006490,2020-12-23,추가상장,"251,256",500,국내CB전환
인스코비,006490,2020-12-23,추가상장,"96,571",500,국내CB전환
SKC,011790,2020-12-23,추가상장,"333,743","5,000",주식교환
에이치엘비,028300,2020-12-23,추가상장,"19,211",500,국내사모 전환사채 전환
아이에이,038880,2020-12-23,추가상장,"2,024,291",100,국내사모 전환사채 전환
키움증권,039490,2020-12-23,추가상장,"37,055","5,000",국내CB전환
키움증권,039490,2020-12-23,추가상장,"367,327","5,000",주식의종류변경
다산네트웍스,039560,2020-12-23,추가상장,"69,395",500,국내사모 신주인수권부사채 신주인수권 행사
에스엠,041510,2020-12-23,추가상장,"1,000",500,주식매수선택권행사
GV,045890,2020-12-23,추가상장,"1,999,999",500,유상증자(일반공모)
백금T&A,046310,2020-12-23,추가상장,"171,026",500,국내사모 전환사채 전환
셀루메드,049180,2020-12-23,추가상장,"2,000,000",500,유상증자(제3자배정)
SGA,049470,2020-12-23,추가상장,"450,000","1,000",국내사모 전환사채 전환
MP그룹,065150,2020-12-23,추가상장,"40,000,000",100,유상증자(제3자배정)
MP그룹,065150,2020-12-23,추가상장,"3,627,567",100,국내사모 전환사채 전환
우수AMS,066590,2020-12-23,추가상장,"795,670",500,국내사모 전환사채 전환
코스온,069110,2020-12-23,추가상장,"107,158",500,국내사모 전환사채 전환
트루윈,105550,2020-12-23,추가상장,"202,585",500,국내공모 신주인수권부사채 신주인수권 행사
삼본전자,111870,2020-12-23,추가상장,"12,266,444",500,국내사모 전환사채 전환
아나패스,123860,2020-12-23,추가상장,"54,528",500,국내사모 전환사채 전환
아나패스,123860,2020-12-23,추가상장,"155,322",500,국내사모 신주인수권부사채 신주인수권 행사
비디아이,148140,2020-12-23,추가상장,"1,855,287",500,유상증자(제3자배정)
아시아종묘,154030,2020-12-23,추가상장,"351,369",500,국내사모 전환사채 전환
에이비프로바이오,195990,2020-12-23,추가상장,"1,011,804",500,국내사모 전환사채 전환
라파스,214260,2020-12-23,추가상장,"1,500",500,주식매수선택권행사
마이더스AI,222810,2020-12-23,추가상장,"17,876,028",100,국내사모 전환사채 전환
케이엠제약,225430,2020-12-23,추가상장,"6,500,000",100,유상증자(구주주배정)
뉴트리,270870,2020-12-23,추가상장,"9,900",500,주식매수선택권행사
지놈앤컴퍼니,314130,2020-12-23,신규상장,"13,188,237",500,유상증자
석경에이티,357550,2020-12-23,신규상장,"5,455,000",500,유상증자(일반공모)
ESR켄달스퀘어리츠,365550,2020-12-23,신규상장,"143,259,000","1,000",유상증자(공모증자)
대신밸런스제9호스팩,369370,2020-12-23,신규상장,"4,210,000",100,유상증자(일반공모)
대원,007680,2020-12-22,추가상장,"81,275",500,국내사모 전환사채 전환
비케이탑스,030790,2020-12-22,추가상장,"355,603",500,국내CB전환
큐로컴,040350,2020-12-22,추가상장,"5,708,848",500,국내사모 전환사채 전환
라온시큐어,042510,2020-12-22,추가상장,"1,104,761",500,국내사모 전환사채 전환
성호전자,043260,2020-12-22,추가상장,"233,644",500,국내사모 전환사채 전환
세원셀론텍,091090,2020-12-22,추가상장,"38,654",500,국내CB전환
세원셀론텍,091090,2020-12-22,추가상장,"2,742,555",500,국내CB전환
세원셀론텍,091090,2020-12-22,추가상장,"1,809,043",500,국내CB전환
에이루트,096690,2020-12-22,추가상장,"101,501",500,국내사모 전환사채 전환
옵티팜,153710,2020-12-22,추가상장,"5,000",500,주식매수선택권행사
한진칼,180640,2020-12-22,추가상장,"7,062,146","2,500",유상증자(제3자배정)
이즈미디어,181340,2020-12-22,추가상장,"28,000",500,주식매수선택권행사
엔지켐생명과학,183490,2020-12-22,추가상장,"11,999",500,우선주의 보통주전환
한송네오텍,226440,2020-12-22,추가상장,"474,383",100,국내사모 전환사채 전환
올릭스,226950,2020-12-22,추가상장,"6,771,030",500,무상증자
올리패스,244460,2020-12-22,추가상장,"257,141",500,국내사모 전환사채 전환
에스씨엠생명과학,298060,2020-12-22,추가상장,"1,196",500,주식매수선택권행사
네오크레마,311390,2020-12-22,추가상장,"12,000",500,주식매수선택권행사
프리시젼바이오,335810,2020-12-22,신규상장,"11,243,846",500,신규
에이치엘비,028300,2020-12-21,추가상장,"295,950",500,유상증자(제3자배정)
엔에스엔,031860,2020-12-21,추가상장,"7,904,274",500,국내사모 전환사채 전환
우리기술,032820,2020-12-21,추가상장,"855,855",500,국내사모 전환사채 전환
두산중공업,034020,2020-12-21,추가상장,175,"5,000",신주인수권행사
키움증권,039490,2020-12-21,추가상장,"525,948","5,000",주식의종류변경
키움증권,039490,2020-12-21,추가상장,"38,004","5,000",국내CB전환
캠시스,050110,2020-12-21,추가상장,950,500,국내공모 신주인수권부사채 신주인수권 행사
큐로홀딩스,051780,2020-12-21,추가상장,"2,348,336",500,국내사모 전환사채 전환
엠로,058970,2020-12-21,추가상장,"238,032",500,우선주의 보통주전환
코디,080530,2020-12-21,추가상장,"278,450",500,유상증자(제3자배정)
엔시트론,101400,2020-12-21,추가상장,"1,036,269",500,유상증자(일반공모)
에스와이,109610,2020-12-21,추가상장,"478,666",500,국내공모 신주인수권부사채 신주인수권 행사
에스와이,109610,2020-12-21,추가상장,"686,489",500,국내사모 전환사채 전환
아이텍,119830,2020-12-21,추가상장,"200,627",500,국내사모 신주인수권부사채 신주인수권 행사
아이텍,119830,2020-12-21,추가상장,"42,992",500,국내사모 전환사채 전환
알엔투테크놀로지,148250,2020-12-21,추가상장,"158,730",500,국내공모 전환사채 전환
장원테크,174880,2020-12-21,추가상장,"653,917",100,국내사모 전환사채 전환
케이사인,192250,2020-12-21,추가상장,"1,000,000",100,국내사모 전환사채 전환
한국맥널티,222980,2020-12-21,추가상장,"116,959",500,국내사모 전환사채 전환
피씨엘,241820,2020-12-21,추가상장,"19,200",500,주식매수선택권행사
TS인베스트먼트,246690,2020-12-21,추가상장,"62,305",500,국내사모 전환사채 전환
넷마블,251270,2020-12-21,추가상장,"1,048",100,스톡옵션행사
네오셈,253590,2020-12-21,추가상장,"39,200",100,주식매수선택권행사
덴티스,261200,2020-12-21,추가상장,"695,000",100,국내사모 전환사채 전환
대보마그네틱,290670,2020-12-21,추가상장,"251,243",500,국내사모 전환사채 전환
프로테옴텍,303360,2020-12-21,추가상장,"310,880",500,우선주의 보통주전환
알체라,347860,2020-12-21,신규상장,"13,368,794",500,신규
엔에이치스팩18호,365590,2020-12-21,신규상장,"4,600,000",100,신규
이수화학,005950,2020-12-18,추가상장,"19,531","5,000",국내CB전환
GS건설,006360,2020-12-18,추가상장,"81,108","5,000",국내CB전환
에이프로젠 KIC,007460,2020-12-18,추가상장,"29,154",500,국내CB전환
에이프로젠 KIC,007460,2020-12-18,추가상장,"174,927",500,국내CB전환
모베이스전자,012860,2020-12-18,추가상장,"2,476,780",500,국내사모 전환사채 전환
서희건설,035890,2020-12-18,추가상장,"22,727,269",500,국내사모 전환사채 전환
기가레인,049080,2020-12-18,추가상장,"4,476,776",500,국내사모 전환사채 전환
재영솔루텍,049630,2020-12-18,추가상장,"23,693",500,국내공모 신주인수권부사채 신주인수권 행사
에이디칩스,054630,2020-12-18,추가상장,"1,150,000",500,유상증자(제3자배정)
에스아이리소스,065420,2020-12-18,추가상장,"1,736,111",100,유상증자(제3자배정)
안트로젠,065660,2020-12-18,추가상장,"137,567",500,우선주의 보통주전환
우수AMS,066590,2020-12-18,추가상장,"2,546,140",500,국내사모 전환사채 전환
코스온,069110,2020-12-18,추가상장,"760,818",500,국내사모 전환사채 전환
이엔플러스,074610,2020-12-18,추가상장,"403,458",500,국내CB전환
아이오케이,078860,2020-12-18,추가상장,"4,789,272",500,국내사모 전환사채 전환
코스나인,082660,2020-12-18,추가상장,"163,398",500,국내사모 전환사채 전환
인콘,083640,2020-12-18,추가상장,"903,440",500,국내사모 전환사채 전환
디지탈옵틱,106520,2020-12-18,추가상장,"165,289",500,국내사모 전환사채 전환
전진바이오팜,110020,2020-12-18,추가상장,"1,246,105",500,유상증자(일반공모)
와이지엔터테인먼트,122870,2020-12-18,추가상장,"3,600",500,주식매수선택권행사
뉴로스,126870,2020-12-18,추가상장,"358,492",500,국내공모 신주인수권부사채 신주인수권 행사
엘티씨,170920,2020-12-18,추가상장,"68,103",500,국내사모 전환사채 전환
아이진,185490,2020-12-18,추가상장,"73,770",500,국내사모 전환사채 전환
아이진,185490,2020-12-18,추가상장,"25,000",500,주식매수선택권행사
흥국에프엔비,189980,2020-12-18,추가상장,"1,120,448",100,국내사모 전환사채 전환
엔지스테크널러지,208860,2020-12-18,추가상장,"11,761",500,국내사모 전환사채 전환
넵튠,217270,2020-12-18,추가상장,"278,940",500,국내사모 전환사채 전환
마이더스AI,222810,2020-12-18,추가상장,"3,021,006",100,유상증자(제3자배정)
DSC인베스트먼트,241520,2020-12-18,추가상장,"319,446",500,국내사모 전환사채 전환
포인트엔지니어링,256630,2020-12-18,추가상장,"226,250",100,주식매수선택권행사
유틸렉스,263050,2020-12-18,추가상장,"49,530",500,주식매수선택권행사
뉴트리,270870,2020-12-18,추가상장,"30,600",500,주식매수선택권행사
켄코아에어로스페이스,274090,2020-12-18,추가상장,"142,857",500,국내사모 전환사채 전환
브릿지바이오,288330,2020-12-18,추가상장,"20,000",500,주식매수선택권행사
네패스아크,330860,2020-12-18,추가상장,"215,624",500,국내사모 전환사채 전환
네패스아크,330860,2020-12-18,추가상장,"1,293,800",500,우선주의 보통주전환
케이씨씨글라스,344820,2020-12-18,추가상장,"7,620,302","1,000",합병
두산인프라코어,042670,2020-12-17,추가상장,504,"5,000",신주인수권행사
기가레인,049080,2020-12-17,추가상장,"3,300,330",500,국내사모 전환사채 전환
에프앤가이드,064850,2020-12-17,신규상장,"12,037,235",500,신규
아이씨케이,068940,2020-12-17,추가상장,"437,500",200,국내사모 전환사채 전환
씨유메디칼,115480,2020-12-17,추가상장,"715,781",500,국내사모 전환사채 전환
루켄테크놀러지스,162120,2020-12-17,추가상장,"5,263",500,우선주의 보통주전환
루켄테크놀러지스,162120,2020-12-17,추가상장,"3,306,814",500,무상증자
장원테크,174880,2020-12-17,추가상장,"2,799,894",100,국내사모 전환사채 전환
감마누,192410,2020-12-17,추가상장,"97,777",500,국내사모 전환사채 전환
감마누,192410,2020-12-17,추가상장,"65,176",500,국내사모 신주인수권부사채 신주인수권 행사
토박스코리아,215480,2020-12-17,추가상장,"736,067",100,국내사모 전환사채 전환
엔에프씨,265740,2020-12-17,추가상장,"241,800",100,우선주의 보통주전환
페이퍼코리아,001020,2020-12-16,추가상장,"259,605",500,국내CB전환
한탑,002680,2020-12-16,추가상장,"1,117,773",500,국내사모 전환사채 전환
동방,004140,2020-12-16,추가상장,"1,951,854","1,000",국내CB전환
동방,004140,2020-12-16,추가상장,"325,309","1,000",국내CB전환
진원생명과학,011000,2020-12-16,추가상장,"8,000","1,000",스톡옵션행사
상보,027580,2020-12-16,추가상장,"1,930",500,국내공모 신주인수권부사채 신주인수권 행사
한류타임즈,039670,2020-12-16,추가상장,660,500,유상증자(출자전환)
라온시큐어,042510,2020-12-16,추가상장,"761,904",500,국내사모 전환사채 전환
시너지이노베이션,048870,2020-12-16,추가상장,"159,744",500,국내사모 전환사채 전환
큐로홀딩스,051780,2020-12-16,추가상장,"3,131,115",500,국내사모 전환사채 전환
아이앤씨,052860,2020-12-16,추가상장,"79,750",500,주식매수선택권행사
SM Life Design,063440,2020-12-16,추가상장,"100,000",500,주식매수선택권행사
제노텍,066830,2020-12-16,추가상장,"68,143",500,국내사모 전환사채 전환
루트로닉,085370,2020-12-16,추가상장,"68,648",500,우선주의 보통주전환
루트로닉,085370,2020-12-16,변경상장,"-48,055",500,우선주의 보통주전환
알파홀딩스,117670,2020-12-16,추가상장,"23,041",500,국내사모 전환사채 전환
예스티,122640,2020-12-16,추가상장,"104,594",500,국내사모 전환사채 전환
아시아종묘,154030,2020-12-16,추가상장,"117,732",500,국내사모 전환사채 전환
한진칼,180640,2020-12-16,추가상장,2,"2,500",신주인수권행사
한진칼,180640,2020-12-16,추가상장,291,"2,500",신주인수권행사
한진칼,180640,2020-12-16,추가상장,10,"2,500",신주인수권행사
썸에이지,208640,2020-12-16,추가상장,"60,000",100,주식매수선택권행사
도부마스크,227420,2020-12-16,추가상장,"237,154",500,우선주의 보통주전환
도부마스크,227420,2020-12-16,추가상장,"158,102",500,우선주의 보통주전환
도부마스크,227420,2020-12-16,추가상장,"632,411",500,우선주의 보통주전환
시그넷이브이,260870,2020-12-16,추가상장,"148,470",500,국내사모 전환사채 전환
셀리버리,268600,2020-12-16,추가상장,"28,000",500,주식매수선택권행사
포인트모바일,318020,2020-12-16,추가상장,"265,586",100,국내사모 신주인수권부사채 신주인수권 행사
에이치엠씨제5호스팩,353060,2020-12-16,신규상장,"5,115,000",100,신규
KBSTAR 차이나항셍테크,371150,2020-12-16,신규상장,"1,000,000",-,신규상장
TIGER 차이나항셍테크,371160,2020-12-16,신규상장,"3,500,000",-,신규상장
KINDEX 차이나항셍테크,371870,2020-12-16,신규상장,"1,000,000",-,신규상장
KODEX 차이나항셍테크,372330,2020-12-16,신규상장,"5,000,000",-,신규상장
ARIRANG 신흥국MSCI인버스(합성 H),373530,2020-12-16,신규상장,"720,000",-,신규상장
오리콤,010470,2020-12-15,추가상장,"141,000","1,000",주식매수선택권행사
경동제약,011040,2020-12-15,추가상장,"67,801",500,국내사모 전환사채 전환
두산중공업,034020,2020-12-15,추가상장,10,"5,000",신주인수권행사
두산중공업,034020,2020-12-15,추가상장,94,"5,000",신주인수권행사
골드퍼시픽,038530,2020-12-15,추가상장,"1,658,373",500,국내사모 전환사채 전환
케이피엠테크,042040,2020-12-15,추가상장,"10,000",100,주식매수선택권행사
케이피엠테크,042040,2020-12-15,추가상장,"187,226",100,국내공모 신주인수권부사채 신주인수권 행사
센트럴바이오,051980,2020-12-15,추가상장,"2,661,933",500,국내사모 전환사채 전환
오성첨단소재,052420,2020-12-15,추가상장,"2,222",500,국내공모 신주인수권부사채 신주인수권 행사
오성첨단소재,052420,2020-12-15,추가상장,"34,944",500,국내사모 전환사채 전환
세코닉스,053450,2020-12-15,추가상장,"186,846",500,국내사모 전환사채 전환
한양디지텍,078350,2020-12-15,추가상장,"1,773,047",500,국내사모 전환사채 전환
이엠코리아,095190,2020-12-15,추가상장,"132,943",500,국내사모 전환사채 전환
네오위즈,095660,2020-12-15,추가상장,"118,711",500,타법인흡수합병
에이루트,096690,2020-12-15,추가상장,"101,502",500,국내사모 전환사채 전환
아이텍,119830,2020-12-15,추가상장,"57,323",500,국내사모 전환사채 전환
아이텍,119830,2020-12-15,추가상장,"143,307",500,국내사모 신주인수권부사채 신주인수권 행사
엠에스오토텍,123040,2020-12-15,추가상장,"33,807",500,국내공모 신주인수권부사채 신주인수권 행사
장원테크,174880,2020-12-15,추가상장,"2,214,021",100,국내사모 전환사채 전환
애드바이오텍,179530,2020-12-15,추가상장,"68,370",500,우선주의 보통주전환
애드바이오텍,179530,2020-12-15,추가상장,"22,790",500,우선주의 보통주전환
코미코,183300,2020-12-15,추가상장,"218,181",500,국내사모 전환사채 전환
엔지스테크널러지,208860,2020-12-15,추가상장,"516,054",500,국내사모 전환사채 전환
토박스코리아,215480,2020-12-15,추가상장,"1,472,134",100,국내사모 전환사채 전환
제테마,216080,2020-12-15,추가상장,"45,000",500,주식매수선택권행사
한국비엔씨,256840,2020-12-15,추가상장,"471,588",100,주식매수선택권행사
코리아센터,290510,2020-12-15,추가상장,"3,200,825",100,우선주의 보통주전환
티움바이오,321550,2020-12-15,추가상장,"73,600",500,주식매수선택권행사
한일홀딩스,003300,2020-12-14,변경상장,"23,052,624","1,000",액면분할
티웨이홀딩스,004870,2020-12-14,추가상장,1,500,국내BW행사
인스코비,006490,2020-12-14,추가상장,"50,251",500,국내CB전환
인스코비,006490,2020-12-14,추가상장,"201,005",500,국내CB전환
인스코비,006490,2020-12-14,추가상장,"100,502",500,국내CB전환
신성이엔지,011930,2020-12-14,추가상장,"161,692",500,국내BW행사
글로스퍼랩스,032860,2020-12-14,추가상장,"163,170",500,국내사모 전환사채 전환
파워넷,037030,2020-12-14,추가상장,"269,142","1,000",국내사모 전환사채 전환
키움증권,039490,2020-12-14,추가상장,"447,412","5,000",주식의종류변경
키움증권,039490,2020-12-14,추가상장,"9,501","5,000",국내CB전환
하나마이크론,067310,2020-12-14,추가상장,"8,280",500,주식매수선택권행사
코스나인,082660,2020-12-14,추가상장,"1,809,707",500,국내사모 전환사채 전환
이원컴포텍,088290,2020-12-14,추가상장,"1,432,664",500,국내사모 전환사채 전환
THE E&M,089230,2020-12-14,추가상장,"1,956,517",100,국내사모 전환사채 전환
에스와이,109610,2020-12-14,추가상장,"407,353",500,국내공모 신주인수권부사채 신주인수권 행사
씨유메디칼,115480,2020-12-14,추가상장,"1,148,561",500,국내사모 전환사채 전환
엘앤케이바이오,156100,2020-12-14,추가상장,"26,005",500,국내사모 전환사채 전환
디피코,163430,2020-12-14,추가상장,"225,824",500,유상증자(제3자배정)
유테크,178780,2020-12-14,추가상장,"312,322",500,국내사모 전환사채 전환
코미코,183300,2020-12-14,추가상장,"100,000",500,국내사모 신주인수권부사채 신주인수권 행사
텔콘RF제약,200230,2020-12-14,추가상장,"707,209",100,국내사모 전환사채 전환
토박스코리아,215480,2020-12-14,추가상장,"736,066",100,국내사모 전환사채 전환
퓨쳐켐,220100,2020-12-14,추가상장,"248,323",500,국내사모 전환사채 전환
티엘비,356860,2020-12-14,신규상장,"4,916,315",500,신규
동아쏘시오홀딩스,000640,2020-12-11,추가상장,"16,796","5,000",국내BW행사
서울식품공업,004410,2020-12-11,추가상장,"7,792,200",100,국내CB전환
유니슨,018000,2020-12-11,추가상장,"38,246",500,국내공모 신주인수권부사채 신주인수권 행사
글로본,019660,2020-12-11,추가상장,"1,119,402",500,국내사모 전환사채 전환
동성화인텍,033500,2020-12-11,추가상장,"257,646",500,국내사모 전환사채 전환
카카오,035720,2020-12-11,추가상장,"30,675",500,스톡옵션행사
위지트,036090,2020-12-11,추가상장,"1,818,181",500,국내사모 전환사채 전환
아이씨케이,068940,2020-12-11,추가상장,"187,500",200,국내사모 전환사채 전환
이엔플러스,074610,2020-12-11,추가상장,"73,485",500,국내CB전환
인콘,083640,2020-12-11,추가상장,"1,338,430",500,국내사모 전환사채 전환
차바이오텍,085660,2020-12-11,추가상장,"43,572",500,주식매수선택권행사
메지온,140410,2020-12-11,추가상장,"42,254",500,국내사모 신주인수권부사채 신주인수권 행사
파크시스템스,140860,2020-12-11,추가상장,600,500,주식매수선택권행사
장원테크,174880,2020-12-11,추가상장,"8,966,289",100,국내사모 전환사채 전환
툴젠,199800,2020-12-11,추가상장,"16,600",500,주식매수선택권행사
금호에이치티,214330,2020-12-11,추가상장,"1,339,285",500,국내CB전환
올릭스,226950,2020-12-11,추가상장,"202,109",500,유상증자(제3자배정)
에이트원,230980,2020-12-11,추가상장,"1,045,077",100,국내사모 전환사채 전환
씨엔티드림,286000,2020-12-11,신규상장,"4,535,340",500,신규
이오플로우,294090,2020-12-11,추가상장,"225,936",100,우선주의 보통주전환
하나기술,299030,2020-12-11,추가상장,"409,639",500,우선주의 보통주전환
하나기술,299030,2020-12-11,추가상장,"118,554",500,국내사모 전환사채 전환
노드메이슨,317860,2020-12-11,추가상장,"13,000",500,주식매수선택권행사
인바이오,352940,2020-12-11,신규상장,"10,084,400",500,유상증자
부산주공,005030,2020-12-10,추가상장,"1,802,877",500,국내CB전환
이수화학,005950,2020-12-10,추가상장,"177,734","5,000",국내CB전환
에이프로젠 KIC,007460,2020-12-10,추가상장,"116,618",500,국내CB전환
에이프로젠 KIC,007460,2020-12-10,추가상장,"291,545",500,국내CB전환
엔에스엔,031860,2020-12-10,추가상장,"273,722",500,국내사모 전환사채 전환
버추얼텍,036620,2020-12-10,추가상장,"1,307,189",500,국내사모 전환사채 전환
아이에이,038880,2020-12-10,추가상장,"5,167,950",100,국내사모 전환사채 전환
성호전자,043260,2020-12-10,추가상장,"934,579",500,국내사모 전환사채 전환
GV,045890,2020-12-10,추가상장,"778,816",500,국내사모 전환사채 전환
아이씨케이,068940,2020-12-10,추가상장,"125,000",200,국내사모 전환사채 전환
오킨스전자,080580,2020-12-10,추가상장,"164,961",500,국내사모 전환사채 전환
덕신하우징,090410,2020-12-10,추가상장,"753,012",100,국내사모 전환사채 전환
이아이디,093230,2020-12-10,추가상장,"35,000,000",200,국내CB전환
대창솔루션,096350,2020-12-10,추가상장,"1,972,382",100,유상증자(제3자배정)
이엔드디,101360,2020-12-10,추가상장,"251,889",500,국내사모 전환사채 전환
디지탈옵틱,106520,2020-12-10,추가상장,"8,429,749",500,국내사모 전환사채 전환
아이텍,119830,2020-12-10,추가상장,"71,653",500,국내사모 신주인수권부사채 신주인수권 행사
아이텍,119830,2020-12-10,추가상장,"42,992",500,국내사모 전환사채 전환
비덴트,121800,2020-12-10,추가상장,"3,161,407",500,국내사모 전환사채 전환
비디아이,148140,2020-12-10,추가상장,"306,984",500,국내사모 전환사채 전환
엔젠바이오,354200,2020-12-10,신규상장,"12,215,562","1,000",유상증자
유유제약,000220,2020-12-09,추가상장,"854,699","1,000",국내CB전환
비케이탑스,030790,2020-12-09,추가상장,"215,517",500,국내CB전환
골드퍼시픽,038530,2020-12-09,추가상장,"2,072,966",500,국내사모 전환사채 전환
키움증권,039490,2020-12-09,추가상장,"55,628","5,000",주식의종류변경
키움증권,039490,2020-12-09,추가상장,"28,503","5,000",국내CB전환
성호전자,043260,2020-12-09,추가상장,"2,920,560",500,국내사모 전환사채 전환
서울리거,043710,2020-12-09,추가상장,"300,489",500,국내공모 신주인수권부사채 신주인수권 행사
조광ILI,044060,2020-12-09,추가상장,"1,192,201",500,국내사모 전환사채 전환
조광ILI,044060,2020-12-09,추가상장,"1,374,222",500,국내사모 신주인수권부사채 신주인수권 행사
에이디칩스,054630,2020-12-09,추가상장,"1,204,814",500,국내사모 전환사채 전환
코스온,069110,2020-12-09,추가상장,"366,478",500,국내사모 전환사채 전환
인바이오젠,101140,2020-12-09,변경상장,0,500,상호변경
에이비프로바이오,195990,2020-12-09,추가상장,"5,059,021",500,국내사모 전환사채 전환
미코바이오메드,214610,2020-12-09,추가상장,"463,965",500,국내사모 전환사채 전환
마이더스AI,222810,2020-12-09,추가상장,"4,123,709",100,국내사모 전환사채 전환
에스씨엠생명과학,298060,2020-12-09,추가상장,"5,260",500,주식매수선택권행사
퀀타매트릭스,317690,2020-12-09,신규상장,"14,589,324",500,유상증자(일반공모)
셀레믹스,331920,2020-12-09,추가상장,"66,000",500,신주인수권행사
DB금융스팩8호,367340,2020-12-09,신규상장,"6,050,000",100,유상증자
에이프로젠 KIC,007460,2020-12-08,추가상장,"87,463",500,국내CB전환
에이프로젠 KIC,007460,2020-12-08,추가상장,"233,236",500,국내CB전환
SGC이테크건설,016250,2020-12-08,변경상장,"-1,218,617","5,000",인적분할로인한 감자
SGC이테크건설,016250,2020-12-08,변경상장,0,"5,000",상호변경
하이트론씨스템즈,019490,2020-12-08,추가상장,"79,499","2,500",국내CB전환
릭스솔루션,029480,2020-12-08,추가상장,"177,304",100,국내사모 전환사채 전환
아이씨케이,068940,2020-12-08,추가상장,"187,500",200,국내사모 전환사채 전환
누리플랜,069140,2020-12-08,추가상장,"293,274",500,국내사모 전환사채 전환
에이팸,073070,2020-12-08,추가상장,"10,926,430",100,유상증자(제3자배정)
수성,084180,2020-12-08,추가상장,"787,401",500,유상증자(일반공모)
티웨이항공,091810,2020-12-08,추가상장,"18,355,467",500,무상증자
이아이디,093230,2020-12-08,추가상장,"5,000,000",200,국내CB전환
이연제약,102460,2020-12-08,추가상장,"117,391",500,국내CB전환
아이텍,119830,2020-12-08,추가상장,"100,315",500,국내사모 신주인수권부사채 신주인수권 행사
디엔에이링크,127120,2020-12-08,추가상장,"15,000",500,주식매수선택권행사
디에이테크놀로지,196490,2020-12-08,추가상장,"2,726,776","2,500",유상증자(제3자배정)
엔에스,217820,2020-12-08,추가상장,"304,207",500,국내사모 전환사채 전환
엔투텍,227950,2020-12-08,추가상장,"6,482,657",100,국내사모 전환사채 전환
이오플로우,294090,2020-12-08,추가상장,"32,179",100,주식매수선택권행사
TIGER 글로벌클라우드컴퓨팅INDXX,371450,2020-12-08,신규상장,"720,000",-,신규상장
TIGER 차이나전기차SOLACTIVE,371460,2020-12-08,신규상장,"720,000",-,신규상장
TIGER 차이나바이오테크SOLACTIVE,371470,2020-12-08,신규상장,"720,000",-,신규상장
대유플러스,000300,2020-12-07,추가상장,"508,165",500,국내CB전환
명신산업,009900,2020-12-07,신규상장,"40,779,120",500,유상증자(공모증자)
대창단조,015230,2020-12-07,변경상장,"11,428,892","1,000",액면분할
성호전자,043260,2020-12-07,추가상장,"584,112",500,국내사모 전환사채 전환
바이오니아,064550,2020-12-07,추가상장,"119,742",500,국내사모 전환사채 전환
에이루트,096690,2020-12-07,추가상장,"821,789",500,국내사모 전환사채 전환
아나패스,123860,2020-12-07,추가상장,"90,517",500,국내사모 전환사채 전환
아시아종묘,154030,2020-12-07,추가상장,"32,794",500,국내사모 전환사채 전환
엘앤케이바이오,156100,2020-12-07,추가상장,"5,000",500,주식매수선택권행사
감마누,192410,2020-12-07,추가상장,"2,102,213",500,국내사모 전환사채 전환
감마누,192410,2020-12-07,추가상장,"814,703",500,국내사모 신주인수권부사채 신주인수권 행사
에스트래픽,234300,2020-12-07,추가상장,"3,404,980",500,무상증자
넥스틴,348210,2020-12-07,추가상장,"18,640",500,국내사모 신주인수권부사채 신주인수권 행사
쌍용양회공업,003410,2020-12-04,변경상장,"4,534,736,355",100,액면분할
쌍용양회공업,003410,2020-12-04,변경상장,"-4,534,736,355",100,감자(주식병합)
더존비즈온,012510,2020-12-04,추가상장,"12,035",500,주식의종류변경
우리기술,032820,2020-12-04,추가상장,"570,570",500,국내사모 전환사채 전환
인성정보,033230,2020-12-04,추가상장,"683,058",500,국내사모 전환사채 전환
동성화인텍,033500,2020-12-04,추가상장,"32,206",500,국내사모 전환사채 전환
비츠로시스,054220,2020-12-04,추가상장,"3,250,000",500,유상증자(제3자배정)
알에프텍,061040,2020-12-04,추가상장,"3,068,226",500,국내사모 전환사채 전환
크리스탈지노믹스,083790,2020-12-04,추가상장,"119,181",500,국내사모 전환사채 전환
THE E&M,089230,2020-12-04,추가상장,"1,067,191",100,국내사모 전환사채 전환
다믈멀티미디어,093640,2020-12-04,추가상장,"540,540",500,국내사모 전환사채 전환
지트리비앤티,115450,2020-12-04,추가상장,"366,122",500,국내사모 전환사채 전환
텔콘RF제약,200230,2020-12-04,추가상장,"707,213",100,국내사모 전환사채 전환
한송네오텍,226440,2020-12-04,추가상장,"474,383",100,국내사모 전환사채 전환
와이아이케이,232140,2020-12-04,추가상장,"250,062",100,국내사모 전환사채 전환
이엠티,232530,2020-12-04,추가상장,"513,075",500,유상증자(제3자배정)
카카오게임즈,293490,2020-12-04,추가상장,"136,749",100,주식매수선택권행사
무진메디,322970,2020-12-04,추가상장,"9,000",500,주식매수선택권행사
클리노믹스,352770,2020-12-04,신규상장,"13,205,141",100,신규
쌍용양회공업,003410,2020-12-03,추가상장,"-1,543,685","1,000",상장폐지(종목별)
국동,005320,2020-12-03,추가상장,"13,000",500,신주인수권행사
이수화학,005950,2020-12-03,추가상장,"519,530","5,000",국내CB전환
엠벤처투자,019590,2020-12-03,추가상장,"993,402",500,국내사모 전환사채 전환
팬스타엔터프라이즈,054300,2020-12-03,추가상장,"68,305",500,국내사모 전환사채 전환
다날,064260,2020-12-03,추가상장,"402,230",500,국내사모 전환사채 전환
체리부로,066360,2020-12-03,추가상장,5,500,국내공모 신주인수권부사채 신주인수권 행사
코스온,069110,2020-12-03,추가상장,"576,035",500,우선주의 보통주전환
라이트론,069540,2020-12-03,변경상장,"-12,595",500,감자(무상)
이아이디,093230,2020-12-03,추가상장,"80,000,000",200,국내CB전환
이연제약,102460,2020-12-03,추가상장,"176,087",500,국내CB전환
에스와이,109610,2020-12-03,추가상장,"340,065",500,국내공모 신주인수권부사채 신주인수권 행사
아나패스,123860,2020-12-03,추가상장,"87,245",500,국내사모 신주인수권부사채 신주인수권 행사
아나패스,123860,2020-12-03,추가상장,"54,528",500,국내사모 전환사채 전환
한진칼,180640,2020-12-03,추가상장,12,"2,500",신주인수권행사
한진칼,180640,2020-12-03,추가상장,"8,477","2,500",신주인수권행사
한진칼,180640,2020-12-03,추가상장,18,"2,500",신주인수권행사
한진칼,180640,2020-12-03,추가상장,"15,828","2,500",신주인수권행사
한진칼,180640,2020-12-03,추가상장,169,"2,500",신주인수권행사
한진칼,180640,2020-12-03,추가상장,"4,893","2,500",신주인수권행사
한진칼,180640,2020-12-03,추가상장,61,"2,500",신주인수권행사
뉴지랩,214870,2020-12-03,추가상장,"128,410",500,국내사모 전환사채 전환
젠큐릭스,229000,2020-12-03,추가상장,"2,173",500,주식매수선택권행사
포인트모바일,318020,2020-12-03,신규상장,"6,165,000",100,신규
이지바이오,353810,2020-12-03,추가상장,"4,551,616",500,무상증자
넥스트사이언스,003580,2020-12-02,추가상장,"39,292",500,국내CB전환
넥스트사이언스,003580,2020-12-02,추가상장,"107,526",500,국내CB전환
센트럴인사이트,012600,2020-12-02,추가상장,"500,624",500,국내CB전환
케이피에프,024880,2020-12-02,추가상장,"25,367",500,국내사모 전환사채 전환
드래곤플라이,030350,2020-12-02,추가상장,"1,098,902",500,유상증자(제3자배정)
골드퍼시픽,038530,2020-12-02,추가상장,"829,187",500,국내사모 전환사채 전환
재영솔루텍,049630,2020-12-02,추가상장,"38,193",500,국내공모 신주인수권부사채 신주인수권 행사
티사이언티픽,057680,2020-12-02,추가상장,"4,580,151",500,국내사모 전환사채 전환
DMS,068790,2020-12-02,추가상장,"1,510,574",500,국내사모 전환사채 전환
에이티세미콘,089530,2020-12-02,추가상장,"200,000",500,국내사모 전환사채 전환
트루윈,105550,2020-12-02,추가상장,479,500,국내공모 신주인수권부사채 신주인수권 행사
지트리비앤티,115450,2020-12-02,추가상장,"267,304",500,국내사모 전환사채 전환
앱코,129890,2020-12-02,신규상장,"9,688,732",500,신규
메지온,140410,2020-12-02,추가상장,"2,000",500,주식매수선택권행사
영우디에스피,143540,2020-12-02,추가상장,"564,516",500,국내사모 전환사채 전환
뉴파워프라즈마,144960,2020-12-02,추가상장,"2,140,939",100,유상증자(제3자배정)
마이더스AI,222810,2020-12-02,추가상장,"2,680,411",100,국내사모 전환사채 전환
신흥에스이씨,243840,2020-12-02,추가상장,"5,144","2,500",국내사모 전환사채 전환
엔에프씨,265740,2020-12-02,신규상장,"8,690,000",100,신규
아주IB투자,027360,2020-12-01,추가상장,"69,625",500,주식매수선택권행사
키움증권,039490,2020-12-01,추가상장,"55,627","5,000",주식의종류변경
시너지이노베이션,048870,2020-12-01,추가상장,"1,030,828",500,국내사모 전환사채 전환
큐로홀딩스,051780,2020-12-01,추가상장,"10,176,124",500,국내사모 전환사채 전환
아이씨케이,068940,2020-12-01,추가상장,"125,000",200,국내사모 전환사채 전환
오킨스전자,080580,2020-12-01,추가상장,"330,033",500,국내사모 전환사채 전환
크리스탈지노믹스,083790,2020-12-01,추가상장,"20,681",500,국내사모 전환사채 전환
덕신하우징,090410,2020-12-01,추가상장,"1,129,518",100,국내사모 전환사채 전환
세미콘라이트,214310,2020-12-01,추가상장,"7,528,229",500,국내사모 전환사채 전환
파마리서치프로덕트,214450,2020-12-01,추가상장,"161,429",500,우선주의 보통주전환
더블유에스아이,299170,2020-12-01,추가상장,"24,027,963",100,타법인흡수합병
더블유에스아이,299170,2020-12-01,변경상장,0,100,상호변경
고바이오랩,348150,2020-12-01,추가상장,"7,506",500,주식매수선택권행사
동아쏘시오홀딩스,000640,2020-11-30,추가상장,37,"5,000",국내BW행사
인스코비,006490,2020-11-30,추가상장,"122,669",500,국내CB전환
인스코비,006490,2020-11-30,추가상장,"122,669",500,국내CB전환
글로스퍼랩스,032860,2020-11-30,추가상장,"629,370",500,국내사모 전환사채 전환
케이피엠테크,042040,2020-11-30,추가상장,"151,760",100,국내공모 신주인수권부사채 신주인수권 행사
케이피엠테크,042040,2020-11-30,추가상장,"70,000",100,주식매수선택권행사
오성첨단소재,052420,2020-11-30,추가상장,"2,993,590",500,국내사모 전환사채 전환
오성첨단소재,052420,2020-11-30,추가상장,1,500,국내공모 신주인수권부사채 신주인수권 행사
우수AMS,066590,2020-11-30,추가상장,"449,640",500,국내사모 전환사채 전환
엘오티베큠,083310,2020-11-30,추가상장,"1,267,668",500,유상증자(제3자배정)
에이티세미콘,089530,2020-11-30,추가상장,"19,800,000",500,국내사모 전환사채 전환
락앤락,115390,2020-11-30,변경상장,"-1,178,962",500,주식소각
태웅로직스,124560,2020-11-30,추가상장,"1,886,792",100,국내사모 전환사채 전환
맥스로텍,141070,2020-11-30,추가상장,"44,243",500,국내공모 신주인수권부사채 신주인수권 행사
파수,150900,2020-11-30,추가상장,"460,764",500,국내사모 전환사채 전환
금호에이치티,214330,2020-11-30,추가상장,"869,564",500,국내CB전환
지티지웰니스,219750,2020-11-30,추가상장,"220,990",500,유상증자(제3자배정)
케이씨텍,281820,2020-11-30,추가상장,"1,022,216",500,유상증자(제3자배정)
라온피플,300120,2020-11-30,추가상장,"169,000",500,주식매수선택권행사
메리츠화재,000060,2020-11-27,추가상장,"6,945,000",500,유상증자(제3자배정)
에이프로젠 KIC,007460,2020-11-27,추가상장,"874,635",500,국내CB전환
에이프로젠 KIC,007460,2020-11-27,추가상장,"1,224,488",500,국내CB전환
신성이엔지,011930,2020-11-27,추가상장,"1,439,094",500,국내BW행사
키움증권,039490,2020-11-27,추가상장,"37,085","5,000",주식의종류변경
신성델타테크,065350,2020-11-27,추가상장,"1,058,194",500,국내사모 전환사채 전환
우수AMS,066590,2020-11-27,추가상장,"1,989,917",500,유상증자(제3자배정)
아이씨케이,068940,2020-11-27,추가상장,"1,656,250",200,국내사모 전환사채 전환
티웨이항공,091810,2020-11-27,추가상장,"45,000,000",500,유상증자(구주주배정)
제넥신,095700,2020-11-27,추가상장,"8,000",500,주식매수선택권행사
한일진공,123840,2020-11-27,추가상장,"14,000,000",100,유상증자(제3자배정)
아시아종묘,154030,2020-11-27,추가상장,"119,699",500,국내사모 전환사채 전환
엘앤케이바이오,156100,2020-11-27,추가상장,"11,000",500,주식매수선택권행사
텔콘RF제약,200230,2020-11-27,추가상장,"707,208",100,국내사모 전환사채 전환
미코바이오메드,214610,2020-11-27,추가상장,"65,325",500,주식매수선택권행사
미코바이오메드,214610,2020-11-27,추가상장,"206,432",500,국내사모 전환사채 전환
엔투텍,227950,2020-11-27,추가상장,"724,112",100,국내사모 전환사채 전환
에스트래픽,234300,2020-11-27,추가상장,"5,500,000",500,유상증자(구주주배정)
네오펙트,290660,2020-11-27,추가상장,"6,500,000",500,유상증자(구주주배정)
대유플러스,000300,2020-11-26,추가상장,"840,336",500,국내CB전환
대유플러스,000300,2020-11-26,추가상장,"725,952",500,국내CB전환
유니슨,018000,2020-11-26,추가상장,"291,713",500,국내공모 신주인수권부사채 신주인수권 행사
성호전자,043260,2020-11-26,추가상장,"233,644",500,국내사모 전환사채 전환
비덴트,121800,2020-11-26,추가상장,"2,436,805",500,국내사모 전환사채 전환
뉴로스,126870,2020-11-26,추가상장,"28,557",500,국내사모 전환사채 전환
바이오리더스,142760,2020-11-26,추가상장,"8,226,691",500,유상증자(구주주배정)
세화아이엠씨,145210,2020-11-26,추가상장,"70,000,000",500,유상증자(구주주배정)
에이비프로바이오,195990,2020-11-26,추가상장,"6,745,362",500,국내사모 전환사채 전환
제일전기공업,199820,2020-11-26,신규상장,"11,110,000",500,신규
에스씨엠생명과학,298060,2020-11-26,추가상장,51,500,주식매수선택권행사
비올,335890,2020-11-26,추가상장,"49,950,000",100,타법인흡수합병
비올,335890,2020-11-26,변경상장,0,100,상호변경
이수화학,005950,2020-11-25,추가상장,"271,483","5,000",국내CB전환
우리기술,032820,2020-11-25,추가상장,"45,045",500,국내사모 전환사채 전환
에스엠,041510,2020-11-25,추가상장,"1,500",500,주식매수선택권행사
에이디칩스,054630,2020-11-25,추가상장,"229,885",500,국내사모 신주인수권부사채 신주인수권 행사
에이디칩스,054630,2020-11-25,추가상장,"229,884",500,국내사모 전환사채 전환
THE E&M,089230,2020-11-25,추가상장,"12,200,991",100,국내사모 전환사채 전환
컨버즈,109070,2020-11-25,추가상장,"3,105,583",500,유상증자(제3자배정)
삼본전자,111870,2020-11-25,추가상장,"47,169",500,국내사모 전환사채 전환
예스티,122640,2020-11-25,추가상장,"143,676",500,우선주의 보통주전환
예스티,122640,2020-11-25,추가상장,"7,745",500,국내사모 전환사채 전환
매직마이크로,127160,2020-11-25,추가상장,"437,636",100,국내사모 전환사채 전환
티피씨글로벌,130740,2020-11-25,추가상장,"186,706",500,국내사모 전환사채 전환
영우디에스피,143540,2020-11-25,추가상장,"282,258",500,국내사모 전환사채 전환
세화아이엠씨,145210,2020-11-25,추가상장,"157,480",500,국내CB전환
비디아이,148140,2020-11-25,추가상장,"1,009,344",500,국내사모 전환사채 전환
엘앤케이바이오,156100,2020-11-25,추가상장,"327,870",500,우선주의 보통주전환
코미코,183300,2020-11-25,추가상장,"90,909",500,국내사모 전환사채 전환
에이비온,203400,2020-11-25,추가상장,"127,084",500,유상증자(제3자배정)
삼양옵틱스,225190,2020-11-25,추가상장,"2,700",500,주식매수선택권행사
시스웍,269620,2020-11-25,추가상장,"49,251,618",100,무상증자
하나기술,299030,2020-11-25,신규상장,"3,234,533",500,신규
KINDEX 블룸버그베트남VN30선물레버리지(H),371130,2020-11-25,신규상장,"900,000",-,신규상장
엔케이물산,009810,2020-11-24,변경상장,"33,431,368",100,액면분할
엔케이물산,009810,2020-11-24,변경상장,"-75,220,586",500,감자(주식병합)
YG PLUS,037270,2020-11-24,추가상장,"7,000",500,스톡옵션행사
라온시큐어,042510,2020-11-24,추가상장,"380,952",500,국내사모 전환사채 전환
성호전자,043260,2020-11-24,추가상장,"1,168,224",500,국내사모 전환사채 전환
큐리언트,115180,2020-11-24,추가상장,"10,000",500,주식매수선택권행사
지트리비앤티,115450,2020-11-24,추가상장,"24,225",500,국내사모 전환사채 전환
드림텍,192650,2020-11-24,추가상장,"21,731",100,스톡옵션행사
에이디테크놀로지,200710,2020-11-24,추가상장,"74,335",500,국내사모 전환사채 전환
베노홀딩스,206400,2020-11-24,추가상장,"205,478",500,국내사모 전환사채 전환
스튜디오드래곤,253450,2020-11-24,추가상장,"1,877,345",500,유상증자(제3자배정)
지더블유바이텍,036180,2020-11-23,추가상장,"5,714,274",500,유상증자(제3자배정)
세진중공업,075580,2020-11-23,추가상장,"18,476,736",500,무상증자
오킨스전자,080580,2020-11-23,추가상장,"164,977",500,국내사모 전환사채 전환
스맥,099440,2020-11-23,추가상장,"293,398",500,국내사모 전환사채 전환
휴맥스,115160,2020-11-23,추가상장,"2,173,913",500,국내사모 전환사채 전환
아나패스,123860,2020-11-23,추가상장,"19,466",500,국내사모 전환사채 전환
유테크,178780,2020-11-23,추가상장,"290,023",500,국내사모 전환사채 전환
에코마케팅,230360,2020-11-23,추가상장,"40,000",100,주식매수선택권행사
SGC에너지,005090,2020-11-20,변경상장,0,"5,000",상호변경
릭스솔루션,029480,2020-11-20,추가상장,"17,553,187",100,국내사모 전환사채 전환
골드퍼시픽,038530,2020-11-20,추가상장,"3,316,748",500,국내사모 전환사채 전환
케이피엠테크,042040,2020-11-20,추가상장,"3,881,572",100,국내사모 전환사채 전환
케이피엠테크,042040,2020-11-20,추가상장,"841,750",100,국내사모 전환사채 전환
케이피엠테크,042040,2020-11-20,추가상장,"359,712",100,국내사모 전환사채 전환
캠시스,050110,2020-11-20,추가상장,"20,715",500,국내공모 신주인수권부사채 신주인수권 행사
이랜텍,054210,2020-11-20,추가상장,"82,644",500,국내사모 전환사채 전환
엠로,058970,2020-11-20,추가상장,"100,000",500,우선주의 보통주전환
코스온,069110,2020-11-20,추가상장,"533,638",500,국내사모 전환사채 전환
유니퀘스트,077500,2020-11-20,추가상장,"10,000",500,스톡옵션행사
이엠코리아,095190,2020-11-20,추가상장,"106,354",500,국내사모 전환사채 전환
에이루트,096690,2020-11-20,추가상장,"514,933",500,국내사모 전환사채 전환
인바이오젠,101140,2020-11-20,추가상장,"4,006,410",500,국내CB전환
트루윈,105550,2020-11-20,추가상장,87,500,국내공모 신주인수권부사채 신주인수권 행사
하이소닉,106080,2020-11-20,변경상장,"-124,571","1,000",감자(무상)
컨버즈,109070,2020-11-20,추가상장,"257,267",500,국내CB전환
에스와이,109610,2020-11-20,추가상장,"28,508",500,국내공모 신주인수권부사채 신주인수권 행사
메지온,140410,2020-11-20,추가상장,"47,500",500,주식매수선택권행사
메지온,140410,2020-11-20,추가상장,"95,000",500,국내사모 신주인수권부사채 신주인수권 행사
유니트론텍,142210,2020-11-20,추가상장,"43,279",500,국내사모 전환사채 전환
장원테크,174880,2020-11-20,추가상장,"2,945,507",100,국내사모 전환사채 전환
유바이오로직스,206650,2020-11-20,추가상장,"1,744,413",500,국내사모 신주인수권부사채 신주인수권 행사
토박스코리아,215480,2020-11-20,추가상장,"736,067",100,국내사모 전환사채 전환
퓨쳐켐,220100,2020-11-20,추가상장,"124,161",500,국내사모 전환사채 전환
플럼라인생명과학,222670,2020-11-20,추가상장,"45,000",500,국내사모 전환사채 전환
제놀루션,225220,2020-11-20,추가상장,"80,000",500,신주인수권행사
와이아이케이,232140,2020-11-20,추가상장,"100,025",100,국내사모 전환사채 전환
에이플러스에셋,244920,2020-11-20,신규상장,"22,607,693",500,유상증자(공모증자)
TS인베스트먼트,246690,2020-11-20,추가상장,"207,684",500,국내사모 전환사채 전환
넷마블,251270,2020-11-20,추가상장,"1,417",100,스톡옵션행사
코리아센터,290510,2020-11-20,추가상장,"48,539,802",100,무상증자
라닉스,317120,2020-11-20,추가상장,"160,000",500,유상증자(제3자배정)
티앤엘,340570,2020-11-20,신규상장,"4,064,000",500,유상증자
부산주공,005030,2020-11-19,추가상장,"616,985",500,국내CB전환
SGC에너지,005090,2020-11-19,추가상장,"9,822,586","5,000",합병
SGC에너지,005090,2020-11-19,변경상장,0,"5,000",상호변경
폴루스바이오팜,007630,2020-11-19,추가상장,"3,216,974",500,국내CB전환
폴루스바이오팜,007630,2020-11-19,추가상장,"1,783,166",500,국내CB전환
성호전자,043260,2020-11-19,추가상장,"4,672,892",500,국내사모 전환사채 전환
버킷스튜디오,066410,2020-11-19,추가상장,"2,514,886",500,국내사모 전환사채 전환
셀트리온제약,068760,2020-11-19,추가상장,635,500,주식매수선택권행사
다이노나,086080,2020-11-19,추가상장,"4,042,036",500,유상증자(제3자배정)
컨버즈,109070,2020-11-19,추가상장,"308,721",500,국내CB전환
아이텍,119830,2020-11-19,추가상장,"42,992",500,국내사모 신주인수권부사채 신주인수권 행사
비덴트,121800,2020-11-19,추가상장,"2,343,986",500,국내사모 전환사채 전환
뉴로스,126870,2020-11-19,추가상장,"449,784",500,국내사모 전환사채 전환
에이비프로바이오,195990,2020-11-19,추가상장,"10,792,576",500,국내사모 전환사채 전환
토박스코리아,215480,2020-11-19,추가상장,"420,609",100,국내사모 전환사채 전환
한진,002320,2020-11-18,추가상장,"2,972,972","5,000",유상증자(구주주배정)
국동,005320,2020-11-18,추가상장,74,500,신주인수권행사
국동,005320,2020-11-18,추가상장,"3,200",500,신주인수권행사
경동제약,011040,2020-11-18,추가상장,"452,011",500,국내사모 전환사채 전환
UCI,038340,2020-11-18,추가상장,"410,677",500,유상증자(일반공모)
네스엠,056000,2020-11-18,추가상장,"493,583",500,유상증자(제3자배정)
조이시티,067000,2020-11-18,추가상장,"143,000",500,국내사모 전환사채 전환
코렌,078650,2020-11-18,추가상장,"24,300,000",500,유상증자(구주주배정)
스맥,099440,2020-11-18,추가상장,"440,097",500,국내사모 전환사채 전환
삼본전자,111870,2020-11-18,추가상장,"47,169",500,국내사모 전환사채 전환
데일리블록체인,139050,2020-11-18,추가상장,"7,306,434",500,국내사모 전환사채 전환
한송네오텍,226440,2020-11-18,추가상장,"1,399,430",100,국내사모 전환사채 전환
셀리드,299660,2020-11-18,추가상장,"50,000",500,주식매수선택권행사
비비씨,318410,2020-11-18,추가상장,"45,000",500,주식매수선택권행사
고바이오랩,348150,2020-11-18,신규상장,"15,415,766",500,신규
경동나비엔,009450,2020-11-17,추가상장,"865,220","1,000",합병
우리종금,010050,2020-11-17,추가상장,"200,000,000",500,유상증자(구주주배정)
신성이엔지,011930,2020-11-17,추가상장,"2,617,037",500,국내BW행사
더존비즈온,012510,2020-11-17,추가상장,"14,956",500,주식의종류변경
더존비즈온,012510,2020-11-17,추가상장,"90,000",500,주식의종류변경
경인양행,012610,2020-11-17,추가상장,"30,000",500,스톡옵션행사
리더스 기술투자,019570,2020-11-17,추가상장,"12,000,000",500,국내사모 전환사채 전환
마크로젠,038290,2020-11-17,추가상장,"20,000",500,주식매수선택권행사
두산인프라코어,042670,2020-11-17,추가상장,"1,261,695","5,000",신주인수권행사
한국테크놀로지,053590,2020-11-17,추가상장,"2,586,205",500,국내사모 전환사채 전환
바이오니아,064550,2020-11-17,추가상장,"2,275,105",500,국내사모 전환사채 전환
셀트리온,068270,2020-11-17,추가상장,"4,067","1,000",스톡옵션행사
THE E&M,089230,2020-11-17,추가상장,"395,256",100,국내사모 전환사채 전환
상신이디피,091580,2020-11-17,추가상장,"71,589",500,국내사모 전환사채 전환
엠에스오토텍,123040,2020-11-17,추가상장,"26,167",500,국내공모 신주인수권부사채 신주인수권 행사
현대퓨처넷,126560,2020-11-17,변경상장,0,500,상호변경
코미코,183300,2020-11-17,추가상장,"72,726",500,국내사모 전환사채 전환
코미코,183300,2020-11-17,추가상장,"218,181",500,국내사모 신주인수권부사채 신주인수권 행사
미코바이오메드,214610,2020-11-17,추가상장,"616,579",500,국내사모 전환사채 전환
퓨쳐켐,220100,2020-11-17,추가상장,"413,872",500,국내사모 전환사채 전환
네패스아크,330860,2020-11-17,신규상장,"8,626,115",500,신규
진원생명과학,011000,2020-11-16,추가상장,"23,000","1,000",스톡옵션행사
레드로버,060300,2020-11-16,변경상장,"-53,296,145",500,감자(무상)
아이티엠반도체,084850,2020-11-16,추가상장,"20,000",500,주식매수선택권행사
모바일어플라이언스,087260,2020-11-16,추가상장,"1,231,223",500,국내사모 전환사채 전환
이원컴포텍,088290,2020-11-16,추가상장,"118,650",500,유상증자(제3자배정)
티로보틱스,117730,2020-11-16,추가상장,"5,579,429",500,무상증자
매직마이크로,127160,2020-11-16,추가상장,"2,188,183",100,국내사모 전환사채 전환
엔솔바이오사이언스,140610,2020-11-16,추가상장,"23,803",500,우선주의 보통주전환
맥스로텍,141070,2020-11-16,추가상장,"737,881",500,국내공모 신주인수권부사채 신주인수권 행사
지엔원에너지,270520,2020-11-16,추가상장,"743,484",100,주식매수선택권행사
진에어,272450,2020-11-16,추가상장,"15,000,000","1,000",유상증자(구주주배정)
동방,004140,2020-11-13,추가상장,"130,123","1,000",국내CB전환
카스,016920,2020-11-13,추가상장,"705,882",500,국내사모 전환사채 전환
엠투엔,033310,2020-11-13,추가상장,"100,980",500,유상증자(제3자배정)
카카오,035720,2020-11-13,추가상장,"31,785",500,스톡옵션행사
골드퍼시픽,038530,2020-11-13,추가상장,"1,824,211",500,국내사모 전환사채 전환
케이피엠테크,042040,2020-11-13,추가상장,"70,000",100,주식매수선택권행사
케이피엠테크,042040,2020-11-13,추가상장,"203,804",100,국내공모 신주인수권부사채 신주인수권 행사
성호전자,043260,2020-11-13,추가상장,"350,467",500,국내사모 전환사채 전환
큐로홀딩스,051780,2020-11-13,추가상장,"4,072,000",500,유상증자(제3자배정)
오성첨단소재,052420,2020-11-13,추가상장,"107,744",500,국내사모 전환사채 전환
오성첨단소재,052420,2020-11-13,추가상장,22,500,국내공모 신주인수권부사채 신주인수권 행사
대한그린파워,060900,2020-11-13,추가상장,"10,245,902",100,유상증자(제3자배정)
우수AMS,066590,2020-11-13,추가상장,"299,760",500,국내사모 전환사채 전환
하나마이크론,067310,2020-11-13,추가상장,"26,090",500,주식매수선택권행사
셀트리온헬스케어,091990,2020-11-13,추가상장,"50,200","1,000",주식매수선택권행사
컨버즈,109070,2020-11-13,추가상장,"385,900",500,국내CB전환
에스와이,109610,2020-11-13,추가상장,"5,528,521",500,무상증자
큐리언트,115180,2020-11-13,추가상장,"208,023",500,유상증자(제3자배정)
한진칼,180640,2020-11-13,추가상장,72,"2,500",신주인수권행사
한진칼,180640,2020-11-13,추가상장,72,"2,500",신주인수권행사
그린플러스,186230,2020-11-13,추가상장,"4,763,871",500,무상증자
디에이테크놀로지,196490,2020-11-13,추가상장,"218,469","2,500",국내사모 전환사채 전환
디에이테크놀로지,196490,2020-11-13,추가상장,"19,230","2,500",국내사모 신주인수권부사채 신주인수권 행사
금호에이치티,214330,2020-11-13,추가상장,"11,005",500,국내BW행사
금호에이치티,214330,2020-11-13,추가상장,"2,327,445",500,국내CB전환
엔에스,217820,2020-11-13,추가상장,"642,214",500,국내사모 전환사채 전환
에코마케팅,230360,2020-11-13,추가상장,"80,000",100,주식매수선택권행사
피씨엘,241820,2020-11-13,추가상장,"520,000",500,국내사모 전환사채 전환
티앤알바이오팹,246710,2020-11-13,추가상장,"2,775",500,주식매수선택권행사
수젠텍,253840,2020-11-13,추가상장,"31,217",500,국내사모 전환사채 전환
유틸렉스,263050,2020-11-13,추가상장,"31,060",500,주식매수선택권행사
유니슨,018000,2020-11-12,추가상장,"1,420,138",500,국내공모 신주인수권부사채 신주인수권 행사
비케이탑스,030790,2020-11-12,추가상장,"215,517",500,국내CB전환
우리기술,032820,2020-11-12,추가상장,"2,188,562",500,국내사모 전환사채 전환
글로스퍼랩스,032860,2020-11-12,추가상장,"186,480",500,국내사모 전환사채 전환
바이온,032980,2020-11-12,추가상장,"823,720",500,국내사모 전환사채 전환
세종공업,033530,2020-11-12,추가상장,"1,388,546",500,국내CB전환
비츠로시스,054220,2020-11-12,변경상장,"-13,000,000",500,감자(무상)
켐트로닉스,089010,2020-11-12,추가상장,"285,862",500,국내사모 전환사채 전환
에이티세미콘,089530,2020-11-12,추가상장,"7,760,000",500,국내사모 전환사채 전환
인바이오젠,101140,2020-11-12,추가상장,"38,095",500,국내CB전환
씨엔플러스,115530,2020-11-12,추가상장,"415,512",100,국내사모 전환사채 전환
비덴트,121800,2020-11-12,추가상장,"2,404,200",500,국내사모 전환사채 전환
유테크,178780,2020-11-12,추가상장,"113,571",500,국내사모 전환사채 전환
코디엠,224060,2020-11-12,추가상장,"5,847,953",100,국내사모 전환사채 전환
교촌에프앤비,339770,2020-11-12,신규상장,"24,982,540",500,유상증자(공모증자)
넥스트BT,065170,2020-11-11,추가상장,"217,391",500,국내사모 전환사채 전환
조이시티,067000,2020-11-11,추가상장,"1,039,503",500,유상증자(제3자배정)
조이시티,067000,2020-11-11,추가상장,"10,105",500,국내사모 전환사채 전환
에이루트,096690,2020-11-11,추가상장,"267,959",500,국내사모 전환사채 전환
지트리비앤티,115450,2020-11-11,추가상장,"46,589",500,국내사모 전환사채 전환
맥스로텍,141070,2020-11-11,추가상장,"678,733",500,우선주의 보통주전환
애드바이오텍,179530,2020-11-11,추가상장,"11,175",500,주식매수선택권행사
엔케이맥스,182400,2020-11-11,추가상장,"40,492",500,국내사모 전환사채 전환
샘코,263540,2020-11-11,추가상장,"4,120,000",500,유상증자(제3자배정)
에이프로젠 KIC,007460,2020-11-10,추가상장,"291,543",500,국내CB전환
세동,053060,2020-11-10,추가상장,"1,779,348",500,국내사모 전환사채 전환
OQP,078590,2020-11-10,추가상장,"3,444,304",200,국내사모 전환사채 전환
이엠코리아,095190,2020-11-10,추가상장,"319,064",500,국내사모 전환사채 전환
컨버즈,109070,2020-11-10,추가상장,"3,641,958",500,유상증자(제3자배정)
컨버즈,109070,2020-11-10,추가상장,"1,800,000",500,유상증자(공모증자)
MP한강,219550,2020-11-10,추가상장,"3,424,657",100,국내사모 전환사채 전환
HANARO Fn K-뉴딜디지털플러스,368190,2020-11-10,신규상장,"2,000,000",-,신규상장
KBSTAR Fn K-뉴딜디지털플러스,368200,2020-11-10,신규상장,"800,000",-,신규상장
KINDEX Fn K-뉴딜디지털플러스,368470,2020-11-10,신규상장,"700,000",-,신규상장
KODEX Fn K-뉴딜디지털플러스,368680,2020-11-10,신규상장,"2,000,000",-,신규상장
뉴프라이드,900100,2020-11-10,추가상장,"3,511,450",0.003,유상증자(제3자배정)
롯데칠성음료,005300,2020-11-09,추가상장,"981,663",500,유상증자(제3자배정)
키움증권,039490,2020-11-09,추가상장,"20,397","5,000",주식의종류변경
비보존 헬스케어,082800,2020-11-09,추가상장,"6,849,313",500,국내사모 전환사채 전환
에스에너지,095910,2020-11-09,추가상장,"41,753",500,국내사모 전환사채 전환
디지탈옵틱,106520,2020-11-09,추가상장,"476,947",500,유상증자(제3자배정)
국동,005320,2020-11-06,추가상장,"7,790",500,신주인수권행사
국동,005320,2020-11-06,추가상장,"23,105",500,신주인수권행사
국동,005320,2020-11-06,추가상장,"7,453",500,신주인수권행사
국동,005320,2020-11-06,추가상장,"11,006",500,신주인수권행사
국동,005320,2020-11-06,추가상장,37,500,신주인수권행사
국동,005320,2020-11-06,추가상장,"20,000",500,신주인수권행사
동부건설,005960,2020-11-06,추가상장,355,"5,000",유상증자(제3자배정)
인스코비,006490,2020-11-06,추가상장,"72,428",500,국내CB전환
인스코비,006490,2020-11-06,추가상장,"245,338",500,국내CB전환
엠투엔,033310,2020-11-06,추가상장,"116,428",500,유상증자(제3자배정)
센트럴바이오,051980,2020-11-06,추가상장,"3,460,513",500,국내사모 전환사채 전환
큐렉소,060280,2020-11-06,추가상장,"45,808",500,국내사모 전환사채 전환
인콘,083640,2020-11-06,추가상장,"1,907,484",500,국내사모 전환사채 전환
스맥,099440,2020-11-06,추가상장,"244,498",500,국내사모 전환사채 전환
유테크,178780,2020-11-06,추가상장,"2,162,351",500,국내사모 전환사채 전환
틸론,217880,2020-11-06,추가상장,"99,999",500,우선주의 보통주전환
코디엠,224060,2020-11-06,추가상장,"11,695,906",100,국내사모 전환사채 전환
올리패스,244460,2020-11-06,추가상장,"7,714",500,국내사모 전환사채 전환
나인테크,267320,2020-11-06,추가상장,"2,270,000",100,국내사모 전환사채 전환
카이노스메드,284620,2020-11-06,추가상장,"125,946",100,주식매수선택권행사
소룩스,290690,2020-11-06,신규상장,"8,158,160",100,기타
엔바이오니아,317870,2020-11-06,추가상장,"98,000",500,주식매수선택권행사
KBSTAR 미국나스닥100,368590,2020-11-06,신규상장,"700,000",-,신규상장
키위미디어그룹,012170,2020-11-05,추가상장,"30,400,000",500,유상증자(제3자배정)
키위미디어그룹,012170,2020-11-05,변경상장,"-59,569,433",500,감자(주식병합)
더존비즈온,012510,2020-11-05,추가상장,"20,000",500,주식의종류변경
더존비즈온,012510,2020-11-05,추가상장,"20,000",500,주식의종류변경
더존비즈온,012510,2020-11-05,추가상장,"10,000",500,주식의종류변경
브이티지엠피,018290,2020-11-05,추가상장,"157,440",500,유상증자(제3자배정)
케이피에프,024880,2020-11-05,추가상장,"76,101",500,국내사모 전환사채 전환
에이치엘비제약,047920,2020-11-05,변경상장,0,500,상호변경
알에프텍,061040,2020-11-05,추가상장,"504,637",500,국내사모 전환사채 전환
화일약품,061250,2020-11-05,추가상장,"10,800",500,주식매수선택권행사
오킨스전자,080580,2020-11-05,추가상장,"330,033",500,국내사모 전환사채 전환
코스나인,082660,2020-11-05,추가상장,"346,981",500,국내사모 전환사채 전환
비보존 헬스케어,082800,2020-11-05,변경상장,0,500,상호변경
에이피티씨,089970,2020-11-05,추가상장,"330,000",100,주식매수선택권행사
인바이오젠,101140,2020-11-05,추가상장,"952,380",500,국내CB전환
인바이오젠,101140,2020-11-05,추가상장,"2,403,846",500,국내CB전환
아이텍,119830,2020-11-05,추가상장,"71,653",500,국내사모 신주인수권부사채 신주인수권 행사
옐로페이,179720,2020-11-05,변경상장,"-14,050,500",500,감자(무상)
큐브엔터,182360,2020-11-05,추가상장,"797,337",100,유상증자(제3자배정)
베노홀딩스,206400,2020-11-05,추가상장,"205,478",500,국내사모 전환사채 전환
뉴지랩,214870,2020-11-05,추가상장,"29,770",500,국내사모 전환사채 전환
코디엠,224060,2020-11-05,추가상장,"29,239,764",100,국내사모 전환사채 전환
넥스틴,348210,2020-11-05,추가상장,"7,000",500,국내사모 신주인수권부사채 신주인수권 행사
코센,009730,2020-11-04,추가상장,"5,156,860",500,유상증자(제3자배정)
영화금속,012280,2020-11-04,추가상장,"1,941,747",500,국내CB전환
파워넷,037030,2020-11-04,추가상장,"107,296","1,000",국내사모 전환사채 전환
대우조선해양,042660,2020-11-04,추가상장,"84,917","5,000",유상증자(제3자배정)
한국테크놀로지,053590,2020-11-04,추가상장,"3,154,574",500,국내사모 전환사채 전환
에이디칩스,054630,2020-11-04,추가상장,"1,149,425",500,국내사모 신주인수권부사채 신주인수권 행사
누리플랜,069140,2020-11-04,추가상장,"154,141",500,국내사모 전환사채 전환
에이티세미콘,089530,2020-11-04,추가상장,"1,400,000",500,국내사모 전환사채 전환
에이루트,096690,2020-11-04,추가상장,"101,501",500,국내사모 전환사채 전환
윈팩,097800,2020-11-04,추가상장,"62,499",500,국내사모 전환사채 전환
비덴트,121800,2020-11-04,추가상장,"85,895",500,국내사모 전환사채 전환
강스템바이오텍,217730,2020-11-04,추가상장,"337,503",500,우선주의 보통주전환
MP한강,219550,2020-11-04,추가상장,"760,456",100,국내사모 전환사채 전환
TS인베스트먼트,246690,2020-11-04,추가상장,"553,585",500,국내사모 전환사채 전환
카카오게임즈,293490,2020-11-04,추가상장,"236,476",100,주식매수선택권행사
아이비김영,339950,2020-11-04,추가상장,"851,900",100,주식매수선택권행사
경동제약,011040,2020-11-03,추가상장,"301,340",500,국내사모 전환사채 전환
바이온,032980,2020-11-03,추가상장,"658,977",500,국내사모 전환사채 전환
두산인프라코어,042670,2020-11-03,추가상장,"250,137","5,000",신주인수권행사
WI,073570,2020-11-03,추가상장,"176,056",100,국내사모 전환사채 전환
다믈멀티미디어,093640,2020-11-03,추가상장,"540,540",500,국내사모 전환사채 전환
에스와이,109610,2020-11-03,추가상장,"10,000,000",500,유상증자(구주주배정)
뉴로스,126870,2020-11-03,추가상장,"110,296",500,국내공모 신주인수권부사채 신주인수권 행사
뉴로스,126870,2020-11-03,추가상장,"571,155",500,국내사모 전환사채 전환
엘앤씨바이오,290650,2020-11-03,추가상장,"14,584,672",500,무상증자
더네이쳐홀딩스,298540,2020-11-03,추가상장,"52,910",500,국내사모 신주인수권부사채 신주인수권 행사
빅히트,352820,2020-11-03,추가상장,"1,777,568",500,주식의종류변경
넥스트사이언스,003580,2020-11-02,추가상장,"279,567",500,국내CB전환
센트럴인사이트,012600,2020-11-02,추가상장,"357,588",500,국내CB전환
센트럴인사이트,012600,2020-11-02,변경상장,"-78,152,643",500,감자(주식병합)
센트럴인사이트,012600,2020-11-02,변경상장,"78,152,643",500,액면분할
센트럴인사이트,012600,2020-11-02,추가상장,"26,819","5,000",국내CB전환
센트럴인사이트,012600,2020-11-02,추가상장,"107,276",500,국내CB전환
센트럴인사이트,012600,2020-11-02,추가상장,"872,139",500,국내CB전환
센트럴인사이트,012600,2020-11-02,추가상장,"174,428",500,국내CB전환
세코닉스,053450,2020-11-02,추가상장,"420,402",500,국내사모 전환사채 전환
에이디칩스,054630,2020-11-02,추가상장,"574,712",500,국내사모 신주인수권부사채 신주인수권 행사
인콘,083640,2020-11-02,추가상장,"1,624,095",500,국내사모 전환사채 전환
인콘,083640,2020-11-02,추가상장,"1,446,480",500,국내사모 신주인수권부사채 신주인수권 행사
랩지노믹스,084650,2020-11-02,추가상장,"214,998",500,국내사모 전환사채 전환
윈팩,097800,2020-11-02,추가상장,"421,354",500,국내사모 전환사채 전환
모트렉스,118990,2020-11-02,추가상장,"872,655",100,국내사모 전환사채 전환
아이텍,119830,2020-11-02,추가상장,"214,961",500,국내사모 신주인수권부사채 신주인수권 행사
비즈니스온,138580,2020-11-02,추가상장,"915,750",500,국내사모 신주인수권부사채 신주인수권 행사
비즈니스온,138580,2020-11-02,추가상장,"915,750",500,국내사모 전환사채 전환
아이큐어,175250,2020-11-02,추가상장,"15,775",500,국내사모 전환사채 전환
정다운,208140,2020-11-02,추가상장,"12,000,000",100,유상증자(구주주배정)
마이더스AI,222810,2020-11-02,추가상장,"14,123,703",100,국내사모 전환사채 전환
한송네오텍,226440,2020-11-02,추가상장,"759,013",100,국내사모 전환사채 전환
한송네오텍,226440,2020-11-02,추가상장,"284,629",100,국내사모 전환사채 전환
동방,004140,2020-10-30,추가상장,"650,618","1,000",국내CB전환
팬오션,028670,2020-10-30,추가상장,305,"1,000",유상증자(제3자배정)
엠젠플러스,032790,2020-10-30,추가상장,"1,691,180",500,유상증자(제3자배정)
골드퍼시픽,038530,2020-10-30,추가상장,"3,150,909",500,국내사모 전환사채 전환
케이피엠테크,042040,2020-10-30,추가상장,"45,000",100,주식매수선택권행사
케이피엠테크,042040,2020-10-30,추가상장,"2,167,108",100,국내공모 신주인수권부사채 신주인수권 행사
오성첨단소재,052420,2020-10-30,추가상장,"1,712,277",500,국내사모 전환사채 전환
멕아이씨에스,058110,2020-10-30,추가상장,"220,848",500,국내사모 전환사채 전환
테라젠이텍스,066700,2020-10-30,추가상장,"10,000",500,주식매수선택권행사
코스나인,082660,2020-10-30,추가상장,"1,323,930",500,국내사모 전환사채 전환
코스나인,082660,2020-10-30,추가상장,"709,219",500,유상증자(제3자배정)
비보존 헬스케어,082800,2020-10-30,추가상장,"171,427",500,국내사모 전환사채 전환
뉴프렉스,085670,2020-10-30,추가상장,"517,398",500,국내사모 전환사채 전환
이엠코리아,095190,2020-10-30,추가상장,"584,950",500,국내사모 전환사채 전환
알에프세미,096610,2020-10-30,추가상장,"585,798",500,국내사모 전환사채 전환
에이루트,096690,2020-10-30,추가상장,"101,502",500,국내사모 전환사채 전환
트루윈,105550,2020-10-30,추가상장,"13,098",500,국내공모 신주인수권부사채 신주인수권 행사
지와이커머스,111820,2020-10-30,추가상장,"806,888",500,유상증자(출자전환)
아이에이네트웍스,123010,2020-10-30,추가상장,"6,211,180",100,유상증자(제3자배정)
데일리블록체인,139050,2020-10-30,추가상장,"1,755,886",500,국내사모 전환사채 전환
맥스로텍,141070,2020-10-30,추가상장,"1,808,726",500,국내공모 신주인수권부사채 신주인수권 행사
엘앤케이바이오,156100,2020-10-30,추가상장,"9,000",500,주식매수선택권행사
필옵틱스,161580,2020-10-30,추가상장,"1,110,661",500,국내사모 전환사채 전환
제노포커스,187420,2020-10-30,추가상장,"267,000",500,주식매수선택권행사
흥국에프엔비,189980,2020-10-30,추가상장,"350,140",100,국내사모 전환사채 전환
디에이테크놀로지,196490,2020-10-30,추가상장,"1,211,534","2,500",국내사모 신주인수권부사채 신주인수권 행사
디에이테크놀로지,196490,2020-10-30,변경상장,"-73,935,643","2,500",액면병합
디에이테크놀로지,196490,2020-10-30,추가상장,"119,164","2,500",국내사모 전환사채 전환
텔콘RF제약,200230,2020-10-30,추가상장,"10,000",100,주식매수선택권행사
금호에이치티,214330,2020-10-30,추가상장,"2,039,500",500,국내CB전환
금호에이치티,214330,2020-10-30,추가상장,"924,738",500,국내BW행사
제테마,216080,2020-10-30,추가상장,"19,046",500,국내사모 전환사채 전환
엔에스,217820,2020-10-30,추가상장,"23,200",500,주식매수선택권행사
엔투텍,227950,2020-10-30,추가상장,"11,513,378",100,국내사모 전환사채 전환
펨토바이오메드,327610,2020-10-30,추가상장,"33,150",500,주식매수선택권행사
위드텍,348350,2020-10-30,신규상장,"5,091,800",500,신규
신성이엔지,011930,2020-10-29,추가상장,"2,855,202",500,국내BW행사
우리기술,032820,2020-10-29,추가상장,"67,114",500,국내사모 전환사채 전환
파워넷,037030,2020-10-29,추가상장,"256,911","1,000",국내사모 전환사채 전환
GV,045890,2020-10-29,추가상장,"680,437",500,국내사모 전환사채 전환
센트럴바이오,051980,2020-10-29,추가상장,"7,187,221",500,국내사모 전환사채 전환
인선이엔티,060150,2020-10-29,추가상장,"8,067,305",500,유상증자(제3자배정)
제넥신,095700,2020-10-29,추가상장,300,500,주식매수선택권행사
엠에스오토텍,123040,2020-10-29,추가상장,"138,273",500,국내공모 신주인수권부사채 신주인수권 행사
에스씨엠생명과학,298060,2020-10-29,추가상장,"1,500",500,주식매수선택권행사
센코,347000,2020-10-29,신규상장,"7,770,644",500,신규
KINDEX 미국나스닥100,367380,2020-10-29,신규상장,"3,000,000",-,신규상장
HANARO Fn5G산업,367740,2020-10-29,신규상장,"800,000",-,신규상장
KBSTAR Fn5G테크,367760,2020-10-29,신규상장,"700,000",-,신규상장
KBSTAR Fn수소경제테마,367770,2020-10-29,신규상장,"700,000",-,신규상장
경동제약,011040,2020-10-28,추가상장,"452,011",500,국내사모 전환사채 전환
더존비즈온,012510,2020-10-28,추가상장,"80,000",500,주식의종류변경
더존비즈온,012510,2020-10-28,추가상장,"12,035",500,주식의종류변경
유니슨,018000,2020-10-28,추가상장,"1,221,508",500,국내공모 신주인수권부사채 신주인수권 행사
GV,045890,2020-10-28,추가상장,"607,533",500,국내사모 전환사채 전환
메디콕스,054180,2020-10-28,추가상장,"2,383,218",500,국내사모 전환사채 전환
아이티엠반도체,084850,2020-10-28,추가상장,"225,089",500,주식매수선택권행사
에이루트,096690,2020-10-28,추가상장,"304,506",500,국내사모 전환사채 전환
대정화금,120240,2020-10-28,추가상장,"35,000",500,주식매수선택권행사
인트로메딕,150840,2020-10-28,추가상장,"4,373,622",500,국내사모 전환사채 전환
파수,150900,2020-10-28,추가상장,"39,095",500,국내사모 전환사채 전환
베노홀딩스,206400,2020-10-28,변경상장,"-86,651,692",500,액면병합
베노홀딩스,206400,2020-10-28,변경상장,0,500,상호변경
바이브컴퍼니,301300,2020-10-28,신규상장,"5,394,170",500,신규
케이피에프,024880,2020-10-27,추가상장,"116,690",500,국내사모 전환사채 전환
시노펙스,025320,2020-10-27,추가상장,"681,830",500,타법인흡수합병
릭스솔루션,029480,2020-10-27,변경상장,0,100,상호변경
세코닉스,053450,2020-10-27,추가상장,"214,872",500,국내사모 전환사채 전환
버킷스튜디오,066410,2020-10-27,추가상장,"794,176",500,국내사모 전환사채 전환
오킨스전자,080580,2020-10-27,추가상장,"98,977",500,국내사모 전환사채 전환
비덴트,121800,2020-10-27,추가상장,"391,192",500,국내사모 전환사채 전환
비디아이,148140,2020-10-27,추가상장,"134,798",500,국내사모 전환사채 전환
코미코,183300,2020-10-27,추가상장,"27,272",500,국내사모 전환사채 전환
드림텍,192650,2020-10-27,추가상장,"20,546",100,스톡옵션행사
미래엔에듀파트너,208890,2020-10-27,변경상장,0,"1,000",상호변경
한송네오텍,226440,2020-10-27,추가상장,"759,013",100,국내사모 전환사채 전환
세원,234100,2020-10-27,추가상장,"2,295,327",100,국내사모 전환사채 전환
휴럼,284420,2020-10-27,추가상장,"101,190",500,국내사모 전환사채 전환
한일홀딩스,003300,2020-10-26,변경상장,"-231,200","5,000",주식소각
에이프로젠 KIC,007460,2020-10-26,추가상장,"874,635",500,국내CB전환
대원,007680,2020-10-26,추가상장,"60,233",500,국내사모 전환사채 전환
현대엘리베이터,017800,2020-10-26,추가상장,"616,048","5,000",국내CB전환
리더스 기술투자,019570,2020-10-26,추가상장,"5,988,023",500,국내사모 전환사채 전환
엔에스엔,031860,2020-10-26,추가상장,"456,204",500,국내사모 전환사채 전환
파워넷,037030,2020-10-26,추가상장,"73,403","1,000",국내사모 전환사채 전환
골드퍼시픽,038530,2020-10-26,추가상장,"829,185",500,국내사모 전환사채 전환
두산인프라코어,042670,2020-10-26,추가상장,"1,135,709","5,000",신주인수권행사
에이치엘비제약,047920,2020-10-26,추가상장,"2,047,569",500,유상증자(제3자배정)
엘오티베큠,083310,2020-10-26,추가상장,"384,466",500,국내사모 전환사채 전환
뉴로스,126870,2020-10-26,추가상장,"252,558",500,국내공모 신주인수권부사채 신주인수권 행사
장원테크,174880,2020-10-26,추가상장,"1,476,014",100,국내사모 전환사채 전환
이엑스티,226360,2020-10-26,추가상장,"1,817,520",100,국내사모 전환사채 전환
아진산업,013310,2020-10-23,추가상장,"1,416,164",500,국내사모 전환사채 전환
키다리스튜디오,020120,2020-10-23,추가상장,"9,596",500,국내BW행사
글로스퍼랩스,032860,2020-10-23,변경상장,"-66,202,956",500,감자(무상)
동성화인텍,033500,2020-10-23,추가상장,"220,072",500,국내사모 전환사채 전환
YG PLUS,037270,2020-10-23,추가상장,"6,500",500,스톡옵션행사
YG PLUS,037270,2020-10-23,추가상장,"56,000",500,스톡옵션행사
포스링크,056730,2020-10-23,추가상장,"60,000,000",500,유상증자(제3자배정)
포스링크,056730,2020-10-23,변경상장,"-21,416,894",500,감자(무상)
포스링크,056730,2020-10-23,변경상장,"-38,473,591",500,감자(무상)
포스링크,056730,2020-10-23,추가상장,"24,430,529",500,유상증자(출자전환)
대한그린파워,060900,2020-10-23,추가상장,"3,360,171",100,타법인흡수합병
누리플랜,069140,2020-10-23,추가상장,"83,056",500,국내사모 전환사채 전환
코스나인,082660,2020-10-23,추가상장,"3,731,000",500,유상증자(제3자배정)
크리스탈지노믹스,083790,2020-10-23,추가상장,"98,149",500,국내사모 전환사채 전환
에스와이,109610,2020-10-23,추가상장,"275,356",500,국내사모 전환사채 전환
원포유,122830,2020-10-23,신규상장,"6,550,397",500,신규
아나패스,123860,2020-10-23,추가상장,"21,811",500,국내사모 전환사채 전환
뉴파워프라즈마,144960,2020-10-23,추가상장,"50,000",100,주식매수선택권행사
엔케이맥스,182400,2020-10-23,추가상장,"1,873",500,주식매수선택권행사
썸에이지,208640,2020-10-23,추가상장,"547,445",100,국내사모 전환사채 전환
마이더스AI,222810,2020-10-23,추가상장,"1,934,235",100,유상증자(일반공모)
엠플러스,259630,2020-10-23,추가상장,"47,447",500,국내사모 전환사채 전환
유틸렉스,263050,2020-10-23,추가상장,"36,820",500,주식매수선택권행사
이십일스토어,270020,2020-10-23,추가상장,"36,412",500,국내공모 전환사채 전환
케이엔제이,272110,2020-10-23,추가상장,"40,000",500,주식매수선택권행사
엑세스바이오,950130,2020-10-23,추가상장,"30,000",0,주식매수선택권행사
에이엔피,015260,2020-10-22,변경상장,"-70,958,459",500,감자(주식병합)
파워넷,037030,2020-10-22,추가상장,"171,274","1,000",국내사모 전환사채 전환
성호전자,043260,2020-10-22,추가상장,"6,000,000",500,유상증자(제3자배정)
에이디칩스,054630,2020-10-22,추가상장,"359,195",500,국내사모 신주인수권부사채 신주인수권 행사
티사이언티픽,057680,2020-10-22,추가상장,"1,751,311",500,국내사모 전환사채 전환
케이프,064820,2020-10-22,추가상장,"1,076,232",500,국내사모 전환사채 전환
팬엔터테인먼트,068050,2020-10-22,추가상장,"13,504,985",500,무상증자
삼기,122350,2020-10-22,추가상장,"84,032",100,우선주의 보통주전환
삼기,122350,2020-10-22,변경상장,0,100,상호변경
와이지엔터테인먼트,122870,2020-10-22,추가상장,"23,890",500,주식매수선택권행사
케이사인,192250,2020-10-22,추가상장,"5,000,000",100,국내사모 전환사채 전환
미코바이오메드,214610,2020-10-22,신규상장,"16,716,042",500,신규
MP한강,219550,2020-10-22,추가상장,"126,742",100,국내사모 전환사채 전환
코디엠,224060,2020-10-22,추가상장,"5,847,953",100,유상증자(일반공모)
티앤알바이오팹,246710,2020-10-22,추가상장,"9,000",500,주식매수선택권행사
바이오인프라생명과학,266470,2020-10-22,추가상장,"7,000",500,주식매수선택권행사
엘브이엠씨,900140,2020-10-22,추가상장,"33,228,150",0.25,유상증자(구주주배정)
우리기술,032820,2020-10-21,추가상장,"3,142,469",500,국내사모 전환사채 전환
버추얼텍,036620,2020-10-21,추가상장,"3,758,168",500,국내사모 전환사채 전환
현대바이오랜드,052260,2020-10-21,변경상장,0,500,상호변경
화일약품,061250,2020-10-21,추가상장,"2,000,000",500,유상증자(제3자배정)
누리플랜,069140,2020-10-21,추가상장,"17,126",500,국내사모 전환사채 전환
젬백스,082270,2020-10-21,추가상장,"186,435",500,국내사모 전환사채 전환
모바일어플라이언스,087260,2020-10-21,추가상장,"1,231,223",500,국내사모 전환사채 전환
세원셀론텍,091090,2020-10-21,추가상장,"125,628",500,국내CB전환
삼본전자,111870,2020-10-21,추가상장,"13,605,442",500,유상증자(제3자배정)
뉴로스,126870,2020-10-21,추가상장,"2,096,617",500,국내사모 전환사채 전환
셀젠텍,258250,2020-10-21,추가상장,"20,000",500,주식매수선택권행사
케어랩스,263700,2020-10-21,변경상장,"-195,566",500,주식소각
삼일제약,000520,2020-10-20,추가상장,"52,675","1,000",국내CB전환
동아쏘시오홀딩스,000640,2020-10-20,추가상장,8,"5,000",국내BW행사
대원,007680,2020-10-20,추가상장,"32,885",500,국내사모 전환사채 전환
진원생명과학,011000,2020-10-20,추가상장,"25,000","1,000",스톡옵션행사
진원생명과학,011000,2020-10-20,추가상장,"27,500","1,000",스톡옵션행사
케이피에프,024880,2020-10-20,추가상장,"50,735",500,국내사모 전환사채 전환
두산중공업,034020,2020-10-20,추가상장,16,"5,000",신주인수권행사
버추얼텍,036620,2020-10-20,추가상장,1,500,국내공모 신주인수권부사채 신주인수권 행사
골드퍼시픽,038530,2020-10-20,추가상장,"1,243,779",500,국내사모 전환사채 전환
재영솔루텍,049630,2020-10-20,추가상장,"13,152",500,국내공모 신주인수권부사채 신주인수권 행사
캠시스,050110,2020-10-20,추가상장,"208,766",500,국내공모 신주인수권부사채 신주인수권 행사
오성첨단소재,052420,2020-10-20,추가상장,"882,345",500,국내사모 전환사채 전환
세코닉스,053450,2020-10-20,추가상장,"116,778",500,국내사모 전환사채 전환
신한지주,055550,2020-10-20,추가상장,"39,130,000","5,000",유상증자(제3자배정)
엠로,058970,2020-10-20,추가상장,"222,222",500,우선주의 보통주전환
대한그린파워,060900,2020-10-20,추가상장,"3,229,972",100,국내사모 전환사채 전환
해성옵틱스,076610,2020-10-20,추가상장,"115,344",500,국내공모 신주인수권부사채 신주인수권 행사
비보존 헬스케어,082800,2020-10-20,추가상장,"21,428",500,국내사모 전환사채 전환
이엠코리아,095190,2020-10-20,추가상장,"2,446,156",500,국내사모 전환사채 전환
알에프세미,096610,2020-10-20,추가상장,"51,045",500,국내사모 전환사채 전환
삼강엠앤티,100090,2020-10-20,추가상장,"992,719",500,국내사모 전환사채 전환
이연제약,102460,2020-10-20,추가상장,"293,478",500,국내CB전환
진매트릭스,109820,2020-10-20,추가상장,"403,200",500,국내사모 전환사채 전환
씨유메디칼,115480,2020-10-20,추가상장,"13,533",500,국내사모 전환사채 전환
엠에스오토텍,123040,2020-10-20,추가상장,"3,919",500,국내공모 신주인수권부사채 신주인수권 행사
아나패스,123860,2020-10-20,추가상장,"253,012",500,국내사모 전환사채 전환
파인텍,131760,2020-10-20,추가상장,"1,017",500,국내공모 신주인수권부사채 신주인수권 행사
맥스로텍,141070,2020-10-20,추가상장,"931,871",500,국내공모 신주인수권부사채 신주인수권 행사
세미콘라이트,214310,2020-10-20,추가상장,"1,470,588",500,유상증자(일반공모)
이엑스티,226360,2020-10-20,추가상장,"2,098,195",100,국내사모 전환사채 전환
디자인,227100,2020-10-20,추가상장,"159,906",500,국내사모 전환사채 전환
엔투텍,227950,2020-10-20,변경상장,0,100,상호변경
넷마블,251270,2020-10-20,추가상장,"15,171",100,스톡옵션행사
수젠텍,253840,2020-10-20,추가상장,"1,512,503",500,국내사모 전환사채 전환
엠플러스,259630,2020-10-20,추가상장,"365,344",500,국내사모 전환사채 전환
국동,005320,2020-10-19,추가상장,"15,436",500,신주인수권행사
국동,005320,2020-10-19,추가상장,"3,000",500,신주인수권행사
국동,005320,2020-10-19,추가상장,"48,501",500,신주인수권행사
경동제약,011040,2020-10-19,추가상장,"904,021",500,국내사모 전환사채 전환
신성이엔지,011930,2020-10-19,추가상장,"2,068,940",500,국내BW행사
리더스 기술투자,019570,2020-10-19,추가상장,"266,149",500,국내공모 신주인수권부사채 신주인수권 행사
두산인프라코어,042670,2020-10-19,추가상장,"1,762,752","5,000",신주인수권행사
서울리거,043710,2020-10-19,추가상장,"220,692",500,국내공모 신주인수권부사채 신주인수권 행사
SK렌터카,068400,2020-10-19,추가상장,"11,520,700",500,유상증자(제3자배정)
누리플랜,069140,2020-10-19,추가상장,"166,112",500,국내사모 전환사채 전환
제이엔케이히터,126880,2020-10-19,추가상장,"10,905",500,국내사모 전환사채 전환
스카이이앤엠,131100,2020-10-19,추가상장,"9,349,099",100,국내사모 전환사채 전환
필옵틱스,161580,2020-10-19,추가상장,"15,940",500,주식매수선택권행사
지엘팜텍,204840,2020-10-19,추가상장,"1,152,074",100,유상증자(제3자배정)
엠플러스,259630,2020-10-19,추가상장,"5,364,088",500,무상증자
피플바이오,304840,2020-10-19,신규상장,"5,504,470",500,신규
천랩,311690,2020-10-19,추가상장,"20,900",500,주식매수선택권행사
유유제약,000220,2020-10-16,추가상장,"42,735","1,000",국내CB전환
넥스트사이언스,003580,2020-10-16,추가상장,"193,498",500,국내CB전환
한국특수형강,007280,2020-10-16,추가상장,"20,888,986",500,유상증자(제3자배정)
경동제약,011040,2020-10-16,추가상장,"2,041,582",500,국내사모 전환사채 전환
화승알앤에이,013520,2020-10-16,추가상장,"4,483,665",500,합병
파워넷,037030,2020-10-16,추가상장,"1,190,843","1,000",국내사모 전환사채 전환
아이에이,038880,2020-10-16,추가상장,"9,043,924",100,국내사모 전환사채 전환
에이치엘비제약,047920,2020-10-16,추가상장,"30,000",500,주식매수선택권행사
메디콕스,054180,2020-10-16,추가상장,"476,644",500,국내사모 전환사채 전환
하나마이크론,067310,2020-10-16,추가상장,"59,760",500,주식매수선택권행사
누리플랜,069140,2020-10-16,추가상장,"420,436",500,국내사모 전환사채 전환
비보존 헬스케어,082800,2020-10-16,추가상장,"338,345",500,국내사모 전환사채 전환
루트로닉,085370,2020-10-16,추가상장,"12,142",500,우선주의 보통주전환
루트로닉,085370,2020-10-16,변경상장,"-8,500",500,우선주의 보통주전환
뉴프렉스,085670,2020-10-16,추가상장,"96,153",500,국내사모 전환사채 전환
에이티세미콘,089530,2020-10-16,추가상장,"1,400,000",500,국내사모 전환사채 전환
뉴로스,126870,2020-10-16,추가상장,"392,305",500,국내공모 신주인수권부사채 신주인수권 행사
아이큐어,175250,2020-10-16,추가상장,"61,427",500,국내사모 전환사채 전환
엠아이텍,179290,2020-10-16,추가상장,"48,330",500,주식매수선택권행사
에이디테크놀로지,200710,2020-10-16,추가상장,"309,731",500,국내사모 전환사채 전환
스튜디오산타클로스,204630,2020-10-16,추가상장,"507,614",100,유상증자(일반공모)
지티지웰니스,219750,2020-10-16,추가상장,"429,675",500,국내사모 전환사채 전환
케이피에스,256940,2020-10-16,추가상장,"126,000",500,주식매수선택권행사
케어랩스,263700,2020-10-16,추가상장,"8,800",500,주식매수선택권행사
유니슨,018000,2020-10-15,추가상장,"2,003,019",500,국내공모 신주인수권부사채 신주인수권 행사
우리기술,032820,2020-10-15,추가상장,"5,233,230",500,국내사모 전환사채 전환
바이온,032980,2020-10-15,추가상장,"793,650",500,유상증자(제3자배정)
케이피엠테크,042040,2020-10-15,추가상장,"5,927,467",100,국내공모 신주인수권부사채 신주인수권 행사
케이피엠테크,042040,2020-10-15,추가상장,"500,000",100,주식매수선택권행사
한스바이오메드,042520,2020-10-15,추가상장,"51,901",500,국내사모 전환사채 전환
다날,064260,2020-10-15,추가상장,"204,828",500,국내사모 전환사채 전환
크리스탈지노믹스,083790,2020-10-15,추가상장,"1,200,000",500,유상증자(제3자배정)
크리스탈지노믹스,083790,2020-10-15,추가상장,"98,149",500,국내사모 전환사채 전환
웨이브일렉트로,095270,2020-10-15,추가상장,"3,700,000",500,유상증자(구주주배정)
트루윈,105550,2020-10-15,추가상장,"48,969",500,국내공모 신주인수권부사채 신주인수권 행사
모트렉스,118990,2020-10-15,추가상장,"113,121",100,국내사모 전환사채 전환
파수,150900,2020-10-15,추가상장,"146,326",500,국내사모 전환사채 전환
바디텍메드,206640,2020-10-15,추가상장,"9,009","1,000",주식매수선택권행사
금호에이치티,214330,2020-10-15,추가상장,"757,709",500,국내BW행사
금호에이치티,214330,2020-10-15,추가상장,"1,597,442",500,국내CB전환
아스타,246720,2020-10-15,추가상장,"10,000",500,주식매수선택권행사
브릿지바이오,288330,2020-10-15,추가상장,"12,774,116",500,무상증자
빅히트,352820,2020-10-15,신규상장,"33,846,192",500,유상증자(공모증자)
KINDEX 국고채10년,365780,2020-10-15,신규상장,"102,000",-,신규상장
오스템,031510,2020-10-14,추가상장,"2,000,000",500,유상증자(제3자배정)
파워넷,037030,2020-10-14,추가상장,"211,155","1,000",국내사모 전환사채 전환
기가레인,049080,2020-10-14,추가상장,"2,797,985",500,국내사모 전환사채 전환
비덴트,121800,2020-10-14,추가상장,"687,006",500,국내사모 전환사채 전환
장원테크,174880,2020-10-14,추가상장,"1,476,014",100,국내사모 전환사채 전환
썸에이지,208640,2020-10-14,추가상장,"1,277,372",100,국내사모 전환사채 전환
신테카바이오,226330,2020-10-14,추가상장,"120,000",500,유상증자(제3자배정)
이엑스티,226360,2020-10-14,추가상장,"1,287,001",100,국내사모 전환사채 전환
EDGC,245620,2020-10-14,추가상장,"3,215,898",100,타법인흡수합병
엠플러스,259630,2020-10-14,추가상장,"71,646",500,국내사모 전환사채 전환
에스씨엠생명과학,298060,2020-10-14,추가상장,"8,492",500,주식매수선택권행사
동방,004140,2020-10-13,추가상장,"650,618","1,000",국내CB전환
키위미디어그룹,012170,2020-10-13,변경상장,"-10,175,988",500,감자(주식소각)
두산인프라코어,042670,2020-10-13,추가상장,"1,018,293","5,000",신주인수권행사
대화제약,067080,2020-10-13,추가상장,"47,271",500,국내사모 전환사채 전환
예스티,122640,2020-10-13,추가상장,"116,218",500,국내사모 전환사채 전환
시스웍,269620,2020-10-13,추가상장,"35,050",100,국내사모 전환사채 전환
이오플로우,294090,2020-10-13,추가상장,"91,657",100,주식매수선택권행사
아이비김영,339950,2020-10-13,추가상장,"35,094,755",100,타법인흡수합병
아이비김영,339950,2020-10-13,변경상장,0,100,상호변경
